Token,Cluster,Frequence,Type
iothunderboltswitch<0>(0x0)::listenercallback,13,36,STATIC
-,13,36,STATIC
thunderbolt,13,36,STATIC
hpd,13,36,STATIC
packet,13,36,STATIC
for,13,36,STATIC
route,13,36,STATIC
0x0,13,36,STATIC
port,13,36,STATIC
11,13,17,STATIC
unplug,13,36,STATIC
0,13,36,STATIC
thermal,11,39,STATIC
pressure,11,78,STATIC
state:,11,78,STATIC
1,11,19,STATIC
memory,11,39,STATIC
0,11,59,STATIC
fa||url||taskid[2019352994],24,1,VARIABLE
dealloc,24,17,STATIC
arpt:,5,53,STATIC
620701.011328:,5,1,VARIABLE
airport_brcm43xx::syncpowerstate:,5,12,STATIC
wwen[enabled],5,12,STATIC
620702.879952:,5,1,VARIABLE
airport_brcm43xx::platformwowenable:,5,28,STATIC
wwen[disable],5,16,STATIC
mdns_deregisterinterface:,29,5,STATIC
frequent,29,9,STATIC
transitions,29,9,STATIC
for,29,9,STATIC
interface,29,9,STATIC
awdl0,29,3,STATIC
(fe80:0000:0000:0000:d8a5:90ff:fef5:7fff),29,3,STATIC
arpt:,20,70,STATIC
620749.901374:,20,1,VARIABLE
iopmpowersource,20,19,STATIC
information:,20,19,STATIC
"onsleep,",20,14,STATIC
sleeptype:,20,19,STATIC
normal,20,18,STATIC
"sleep,",20,18,STATIC
'externalconnected':,20,19,STATIC
"yes,",20,10,STATIC
'timeremaining':,20,19,STATIC
"0,",20,10,STATIC
arpt:,12,102,STATIC
620750.434035:,12,1,VARIABLE
wl0:,12,96,STATIC
wl_update_tcpkeep_seq:,12,16,STATIC
original,12,6,VARIABLE
seq:,12,14,STATIC
"3226706533,",12,1,VARIABLE
ack:,12,14,STATIC
"3871687177,",12,1,VARIABLE
win,12,24,STATIC
size:,12,14,STATIC
4096,12,14,STATIC
620752.337198:,20,1,VARIABLE
wake,20,84,STATIC
reason:,20,30,STATIC
on,20,13,STATIC
scan,20,9,STATIC
offload,20,9,STATIC
__73-[networkanalyticsengine,17,16,STATIC
observevalueforkeypath:ofobject:change:context:]_block_invoke,17,16,STATIC
unexpected,17,16,STATIC
switch,17,16,STATIC
value,17,16,STATIC
2,17,16,STATIC
io80211awdlpeermanager::setawdlautomode,10,15,STATIC
resuming,10,15,STATIC
awdl,10,35,STATIC
620896.311264:,12,1,VARIABLE
mdns:,12,41,STATIC
0,12,18,STATIC
srv,12,9,VARIABLE
"recs,",12,9,VARIABLE
txt,12,9,VARIABLE
recs,12,9,VARIABLE
applecamin::systemwakecall,7,56,STATIC
-,7,56,STATIC
messagetype,7,56,STATIC
0xe0000340,7,53,STATIC
setting,4,7,STATIC
hostname,4,7,STATIC
to,4,7,STATIC
"""authormacbook-pro.local""",4,5,VARIABLE
<*>:,0,165,STATIC
scheduler_evaluate_activity,0,166,STATIC
told,0,166,STATIC
me,0,166,STATIC
to,0,166,STATIC
run,0,166,STATIC
this,0,166,STATIC
job;,0,166,STATIC
"however,",0,166,STATIC
but,0,166,STATIC
the,0,166,STATIC
start,0,166,STATIC
time,0,166,STATIC
isn't,0,166,STATIC
for,0,166,STATIC
439034,0,1,VARIABLE
seconds.,0,166,STATIC
ignoring.,0,166,STATIC
ccioreporterformatter::addregistrychildtochanneldictionary,8,7,STATIC
streams,8,7,STATIC
7,8,7,STATIC
[09:21:58.929],24,1,VARIABLE
<<<<,24,6,STATIC
crabs,24,6,STATIC
>>>>,24,6,STATIC
crabsflumehostavailable:,24,3,VARIABLE
[0x7f961cf08cf0],24,5,STATIC
byte,24,5,STATIC
flume,24,5,STATIC
reports,24,5,STATIC
host,24,6,STATIC
available,24,3,VARIABLE
again.,24,3,VARIABLE
2450,0,1,VARIABLE
airport:,5,21,STATIC
link,5,21,STATIC
down,5,12,STATIC
on,5,21,STATIC
awdl0.,5,7,STATIC
reason,5,16,STATIC
1,5,7,STATIC
(unspecified).,5,7,STATIC
pm,14,11,STATIC
response,14,11,STATIC
took,14,17,STATIC
2010,14,1,VARIABLE
ms,14,23,STATIC
"(54,",14,9,STATIC
powerd),14,9,STATIC
438666,0,1,VARIABLE
621131.293163:,5,1,VARIABLE
wl0:,5,13,STATIC
roamed,5,4,VARIABLE
or,5,4,VARIABLE
switched,5,4,VARIABLE
"channel,",5,4,VARIABLE
"#8,",5,3,VARIABLE
bssid,5,4,VARIABLE
"5c:50:15:4c:18:13,",5,1,VARIABLE
last,5,4,VARIABLE
rssi,5,4,VARIABLE
-64,5,1,VARIABLE
621145.554555:,20,1,VARIABLE
621146.080894:,12,1,VARIABLE
"3014995849,",12,1,VARIABLE
"2590995288,",12,1,VARIABLE
nw_nat64_post_new_ifstate,22,15,STATIC
successfully,22,15,STATIC
changed,22,15,STATIC
nat64,22,15,STATIC
ifstate,22,15,STATIC
from,22,15,STATIC
0x4,22,15,STATIC
to,22,15,STATIC
0x8000000000000000,22,15,STATIC
2165,0,1,VARIABLE
13090,0,1,VARIABLE
io80211awdlpeermanager::setawdlsuspendedmode(),10,11,STATIC
suspending,10,11,STATIC
"awdl,",10,11,STATIC
enterquietmode(true),10,11,STATIC
network_reachability_changed,26,1,VARIABLE
:,26,1,VARIABLE
network,26,21,STATIC
is,26,2,VARIABLE
not,26,2,VARIABLE
"reachable,",26,1,VARIABLE
netbiosd,26,1,VARIABLE
shutting,26,1,VARIABLE
down,26,1,VARIABLE
ccfile::capturelogrun(),23,22,STATIC
exiting,23,22,STATIC
ccfile::capturelogrun,23,53,STATIC
2039,0,1,VARIABLE
<*>(31211),4,1,VARIABLE
deny,4,29,STATIC
network-outbound,4,58,STATIC
/private/var/run/mdnsresponder,4,58,STATIC
621241.634070:,12,1,VARIABLE
ipv6,12,28,STATIC
addr:,12,32,STATIC
2607:f140:6000:8:c6b3:1ff:fecd:467f,12,9,VARIABLE
airport:,28,4,STATIC
link,28,4,STATIC
up,28,4,STATIC
on,28,4,STATIC
en0,28,4,STATIC
438274,0,1,VARIABLE
1849,0,1,VARIABLE
sandbox:,4,34,STATIC
<*>(31229),4,1,VARIABLE
deny(1),4,34,STATIC
621342.242614:,5,1,VARIABLE
wwen[enable],5,12,STATIC
up,5,9,STATIC
awdl0,5,9,STATIC
621389.379319:,12,1,VARIABLE
applethunderboltgenerichal::earlywake,3,22,STATIC
-,3,91,STATIC
complete,3,37,STATIC
took,3,37,STATIC
0,3,14,STATIC
milliseconds,3,22,STATIC
438095,0,1,VARIABLE
en0,29,6,STATIC
(2607:f140:6000:0008:c6b3:01ff:fecd:467f),29,1,VARIABLE
applethunderboltnhitype2::waitforok2go2sx,3,17,STATIC
retries,3,11,STATIC
7,3,3,VARIABLE
621490.858770:,12,1,VARIABLE
updated,12,10,VARIABLE
seq/ack/win,12,10,VARIABLE
from,12,10,VARIABLE
userclient,12,10,VARIABLE
seq,12,10,VARIABLE
"2119064372,",12,1,VARIABLE
ack,12,10,VARIABLE
"3325040593,",12,1,VARIABLE
size,12,10,VARIABLE
278,12,8,VARIABLE
621490.890645:,5,1,VARIABLE
621492.770239:,5,1,VARIABLE
en0::io80211interface::postmessage,29,10,STATIC
bssid,29,26,STATIC
changed,29,26,STATIC
621542.378462:,20,1,VARIABLE
1268,0,1,VARIABLE
12119,0,1,VARIABLE
437673,0,1,VARIABLE
12087,0,1,VARIABLE
intel_rp,3,6,VARIABLE
1,3,30,STATIC
dlla_reporting_supported,3,6,VARIABLE
mdns_registerinterface:,29,4,STATIC
(fe80:0000:0000:0000:c6b3:01ff:fecd:467f),29,3,STATIC
applecamin::wakeeventhandlerthread,7,20,STATIC
621686.164365:,12,1,VARIABLE
setup_keepalive:,12,39,STATIC
local,12,12,STATIC
port:,12,16,STATIC
"62614,",12,1,VARIABLE
remote,12,16,STATIC
443,12,5,VARIABLE
621738.114066:,5,1,VARIABLE
-[uabestappsuggestionmanager,17,14,STATIC
notifybestappchanged:type:options:bundleidentifier:activitytype:dynamicidentifier:when:confidence:devicename:deviceidentifier:devicetype:],17,14,STATIC
(null),17,28,STATIC
uasuggestedactiontype,17,14,STATIC
0,17,15,STATIC
(null)/(null),17,28,STATIC
opts,17,14,STATIC
when,17,14,STATIC
2017-07-01,17,1,VARIABLE
17:08:20,17,1,VARIABLE
+0000,17,14,STATIC
confidence,17,14,STATIC
1,17,14,STATIC
from,17,18,STATIC
(uabestappsuggestionmanager.m,17,14,STATIC
#319),17,14,STATIC
en0:,28,25,STATIC
channel,28,20,STATIC
changed,28,20,STATIC
to,28,20,STATIC
1,28,15,STATIC
arpt:,1,22,STATIC
621799.252673:,1,1,VARIABLE
aqm,1,14,STATIC
agg,1,14,STATIC
results,1,7,STATIC
0x8001,1,7,STATIC
len,1,7,STATIC
hi/lo:,1,7,STATIC
0x0,1,36,STATIC
0x26,1,6,STATIC
babitmap(0-3),1,7,STATIC
0,1,32,STATIC
ccfile::capturelog,8,20,STATIC
received,8,35,STATIC
capture,8,35,STATIC
notice,8,20,STATIC
id:,8,20,STATIC
"1498928900.759059,",8,1,VARIABLE
reason,8,20,STATIC
authfail:sts:5_rsn:0,8,15,STATIC
10602,0,1,VARIABLE
io80211awdlpeermanager::setawdloperatingmode,10,20,STATIC
setting,10,20,STATIC
the,10,20,STATIC
operation,10,20,STATIC
mode,10,20,STATIC
from,10,20,STATIC
auto,10,20,STATIC
to,10,20,STATIC
suspended,10,20,STATIC
unrecognized,8,8,STATIC
attribute,8,8,STATIC
value:,8,8,STATIC
t:abchpersonitemtype,8,8,STATIC
<*>(31328),4,2,VARIABLE
sosaccountthisdevicecansyncwithcircle,16,12,STATIC
sync,16,12,STATIC
with,16,19,STATIC
device,16,12,STATIC
failure:,16,12,STATIC
error,16,44,STATIC
domain,16,37,STATIC
<*>,16,12,STATIC
code,16,37,STATIC
1035,16,12,STATIC
"""account",16,12,STATIC
identity,16,24,STATIC
not,16,24,STATIC
"set""",16,12,STATIC
userinfo,16,35,STATIC
{nsdescription,16,21,STATIC
account,16,16,STATIC
set},16,12,STATIC
cfpasteboardref,25,2,VARIABLE
"cfpasteboardcreate(cfallocatorref,",25,2,VARIABLE
cfstringref),25,2,VARIABLE
:,25,2,VARIABLE
failed,25,3,STATIC
to,25,18,STATIC
create,25,2,VARIABLE
global,25,2,VARIABLE
data,25,2,VARIABLE
<*>(31346),4,1,VARIABLE
<*>(31376),4,1,VARIABLE
12,13,19,STATIC
10:46:47.425,14,1,VARIABLE
:,14,28,STATIC
btle,14,17,STATIC
scanner,14,12,STATIC
powered,14,14,STATIC
on,14,9,STATIC
button,19,20,STATIC
report:,19,20,STATIC
0x8002be0,19,7,STATIC
<*>(31382),4,1,VARIABLE
11:20:51.293,14,1,VARIABLE
discovered,14,1,VARIABLE
device,14,1,VARIABLE
with,14,1,VARIABLE
hash,14,1,VARIABLE
<01faa200,14,1,VARIABLE
00000000,14,1,VARIABLE
0000>,14,1,VARIABLE
securityd_xpc_dictionary_handler,16,4,VARIABLE
cloudd[326],16,4,VARIABLE
copy_matching,16,4,VARIABLE
nsosstatuserrordomain,16,9,STATIC
-50,16,9,STATIC
"""query",16,9,STATIC
missing,16,18,STATIC
class,16,18,STATIC
"name""",16,9,STATIC
(paramerr:,16,9,STATIC
in,16,9,STATIC
user,16,9,STATIC
parameter,16,9,STATIC
list),16,9,STATIC
query,16,9,STATIC
name},16,9,STATIC
location,9,37,STATIC
icon,9,37,STATIC
should,9,37,STATIC
now,9,37,STATIC
be,9,37,STATIC
in,9,37,STATIC
state,9,37,STATIC
'inactive',9,20,STATIC
626126.086205:,12,1,VARIABLE
interval,12,11,STATIC
"900,",12,9,VARIABLE
retry_interval,12,11,STATIC
"30,",12,11,STATIC
retry_count,12,11,STATIC
10,12,11,STATIC
626126.086246:,12,1,VARIABLE
ipv4,12,4,VARIABLE
<*>,12,16,STATIC
__42-[netclientconnection,12,10,VARIABLE
evaluatecrazyivan46]_block_invoke,12,10,VARIABLE
ci46,12,15,STATIC
-,12,15,STATIC
hit,12,10,VARIABLE
by,12,10,VARIABLE
torpedo!,12,10,VARIABLE
qq.10018,12,13,STATIC
tc19060,12,1,VARIABLE
<*>:14000,12,3,VARIABLE
626132.740936:,5,1,VARIABLE
setting,17,7,STATIC
btcoex,17,7,STATIC
config:,17,7,STATIC
"enable_2g:1,",17,7,STATIC
"profile_2g:0,",17,7,STATIC
"enable_5g:1,",17,7,STATIC
profile_5g:0,17,7,STATIC
<*>(31432),4,1,VARIABLE
captive:,6,18,STATIC
[cninfonetworkactive:1748],6,3,STATIC
en0:,6,18,STATIC
ssid,6,3,STATIC
'calvisitor',6,3,STATIC
making,6,3,STATIC
interface,6,3,STATIC
primary,6,3,STATIC
(cache,6,3,STATIC
indicates,6,3,STATIC
network,6,3,STATIC
not,6,3,STATIC
captive),6,3,STATIC
16227,0,1,VARIABLE
-[networkanalyticsengine,16,17,STATIC
_writejournalrecord:fromcellfingerprint:key:atloi:ofkind:lqm:isfaulty:],16,17,STATIC
hashing,16,17,STATIC
of,16,17,STATIC
the,16,48,STATIC
primary,16,17,STATIC
key,16,17,STATIC
failed.,16,17,STATIC
dropping,16,17,STATIC
journal,16,17,STATIC
record.,16,17,STATIC
11:46:19.229,14,1,VARIABLE
finished,14,1,VARIABLE
generating,14,2,VARIABLE
hashes,14,4,VARIABLE
cnpluginhandler,6,15,STATIC
evaluating,6,4,STATIC
16034,0,1,VARIABLE
1277,0,1,VARIABLE
626380.467130:,20,1,VARIABLE
1938,14,1,VARIABLE
tcp_connection_destination_perform_socket_connect,15,4,STATIC
19110,15,1,VARIABLE
connectx,15,4,STATIC
to,15,31,STATIC
<*>:80@0,15,1,VARIABLE
failed:,15,22,STATIC
[50],15,3,VARIABLE
network,15,23,STATIC
is,15,5,STATIC
down,15,4,STATIC
en0.,5,5,VARIABLE
8,5,5,VARIABLE
(disassociated,5,5,VARIABLE
because,5,5,VARIABLE
station,5,5,VARIABLE
leaving).,5,5,VARIABLE
11:49:29.473,14,1,VARIABLE
usbmsc,1,12,STATIC
identifier,1,12,STATIC
(non-unique):,1,12,STATIC
000000000820,1,12,STATIC
0x5ac,1,12,STATIC
0x8406,1,12,STATIC
"0x820,",1,12,STATIC
3,1,19,STATIC
ccxpcservice::setstreameventhandler,8,2,VARIABLE
registered,8,2,VARIABLE
for,8,4,STATIC
notification,8,2,VARIABLE
callback.,8,2,VARIABLE
[0701/114930:warning:dns_config_service_posix.cc(306)],26,1,VARIABLE
failed,26,4,STATIC
to,26,7,STATIC
read,26,4,STATIC
dnsconfig.,26,4,STATIC
saw,26,4,STATIC
change,26,4,STATIC
in,26,4,STATIC
reachability,26,4,STATIC
(isreachable,26,4,STATIC
2),26,2,VARIABLE
[hid],20,8,VARIABLE
[atc],20,8,VARIABLE
appledevicemanagementhideventservice::processwakereason,20,8,VARIABLE
host,20,8,VARIABLE
(0x01),20,8,VARIABLE
en0:,29,16,STATIC
to,29,16,STATIC
5c:50:15:36:bc:03,29,3,STATIC
15759,0,1,VARIABLE
4439,0,1,VARIABLE
4429,0,1,VARIABLE
dnssd_clientstub,21,57,STATIC
connecttoserver:,21,57,STATIC
connect()->,21,44,STATIC
no,21,44,STATIC
of,21,44,STATIC
tries:,21,44,STATIC
1,21,15,STATIC
-[netclientconnection,21,9,STATIC
effectivebundleid],21,9,STATIC
using,21,9,STATIC
process,21,9,STATIC
name,21,9,STATIC
apsd,21,9,STATIC
as,21,9,STATIC
bundle,21,18,STATIC
id,21,18,STATIC
(this,21,9,STATIC
is,21,9,STATIC
expected,21,9,STATIC
for,21,9,STATIC
daemons,21,9,STATIC
without,21,9,STATIC
4187,0,1,VARIABLE
4099,0,1,VARIABLE
626625.204595:,12,1,VARIABLE
"3034132215,",12,1,VARIABLE
"528237229,",12,1,VARIABLE
15323,0,1,VARIABLE
427826,0,1,VARIABLE
2350,0,1,VARIABLE
1542,0,1,VARIABLE
1428,0,1,VARIABLE
rtc:,20,5,VARIABLE
maintenance,20,17,STATIC
2017/7/1,20,4,VARIABLE
"19:52:56,",20,1,VARIABLE
sleep,20,38,STATIC
19:40:18,20,1,VARIABLE
"132,+1",28,4,STATIC
626908.045241:,12,1,VARIABLE
13:20:12.402,14,1,VARIABLE
424575,0,1,VARIABLE
<*>(31588),4,1,VARIABLE
rtc:,14,11,STATIC
powerbycalendardate,14,11,STATIC
setting,14,11,STATIC
ignored,14,11,STATIC
'active',9,17,STATIC
627141.702095:,12,1,VARIABLE
2,21,15,STATIC
en0:,5,5,VARIABLE
802.11d,5,5,VARIABLE
country,5,5,VARIABLE
code,5,5,VARIABLE
set,5,5,VARIABLE
to,5,5,VARIABLE
'x3'.,5,3,VARIABLE
6,28,7,STATIC
627305.613279:,12,1,VARIABLE
"1664112163,",12,1,VARIABLE
"818851215,",12,1,VARIABLE
627355.597577:,20,1,VARIABLE
qq(10018),1,6,STATIC
deny,1,6,STATIC
mach-lookup,1,7,STATIC
<*>,1,8,STATIC
"21:52:00,",20,1,VARIABLE
21:39:51,20,1,VARIABLE
[hid],17,8,STATIC
[mt],17,6,STATIC
applemultitouchdevice::willterminate,17,3,VARIABLE
entered,17,9,STATIC
[bluetoothhiddevicecontroller],17,3,VARIABLE
eventservicedisconnectedcallback,17,1,VARIABLE
pmstats:,14,1,VARIABLE
hibernate,14,3,VARIABLE
read,14,1,VARIABLE
197,14,2,VARIABLE
connect(),21,13,STATIC
failed,21,13,STATIC
path:/var/run/mdnsresponder,21,13,STATIC
socket:4,21,13,STATIC
err:-1,21,13,STATIC
errno:1,21,13,STATIC
operation,21,13,STATIC
not,21,13,STATIC
permitted,21,13,STATIC
pages,1,6,STATIC
"1471315,",1,1,VARIABLE
wire,1,4,STATIC
"491253,",1,1,VARIABLE
act,1,4,STATIC
"449877,",1,1,VARIABLE
inact,1,4,STATIC
"3,",1,2,VARIABLE
cleaned,1,4,STATIC
spec,1,4,STATIC
"5,",1,1,VARIABLE
zf,1,4,STATIC
"23,",1,1,VARIABLE
throt,1,4,STATIC
"0,",1,11,STATIC
compr,1,4,STATIC
"345876,",1,1,VARIABLE
xpmapped,1,4,STATIC
40000,1,4,STATIC
vdcassistant:,17,1,VARIABLE
found,17,1,VARIABLE
a,17,3,VARIABLE
camera,17,1,VARIABLE
(0x1430000005ac8290),17,1,VARIABLE
",",17,1,VARIABLE
but,17,1,VARIABLE
was,17,1,VARIABLE
not,17,8,STATIC
able,17,1,VARIABLE
to,17,8,STATIC
start,17,1,VARIABLE
it,17,1,VARIABLE
up,17,1,VARIABLE
(0x0,17,1,VARIABLE
--,17,41,STATIC
(os/kern),17,1,VARIABLE
successful),17,1,VARIABLE
handle_will_sleep_auth_and_shield_windows:,20,1,VARIABLE
reordering,20,1,VARIABLE
authw,20,1,VARIABLE
0x7fa823a04400(2004),20,1,VARIABLE
(lock,20,1,VARIABLE
state:,20,1,VARIABLE
3),20,1,VARIABLE
0x8002bdf,19,6,STATIC
2017-07-01,24,1,VARIABLE
19:46:26.133,24,1,VARIABLE
googlesoftwareupdateagent[31702/0x7000002a0000],24,1,VARIABLE
[lvl,24,25,STATIC
2],24,25,STATIC
-[ksagentapp(keystonethread),24,2,VARIABLE
runkeystonesinthreadwitharg:],24,2,VARIABLE
checking,24,3,VARIABLE
with,24,6,STATIC
local,24,1,VARIABLE
engine:,24,2,VARIABLE
<ksupdateengine:0x100259c60,24,1,VARIABLE
ticketstore,24,3,VARIABLE
<kspersistentticketstore:0x100253770,24,1,VARIABLE
store,24,3,VARIABLE
<kskeyedpersistentstore:0x100254d10,24,1,VARIABLE
path,24,41,STATIC
"""/users/xpc/library/google/googlesoftwareupdate/ticketstore/keystone.ticketstore""",24,3,VARIABLE
lockfile,24,3,VARIABLE
<kslockfile:0x100254d80,24,1,VARIABLE
"""/users/xpc/library/google/googlesoftwareupdate/ticketstore/<*>""",24,3,VARIABLE
locked,24,3,VARIABLE
no,24,9,STATIC
>,24,14,STATIC
>>,24,3,VARIABLE
processor,24,3,VARIABLE
<ksactionprocessor:0x100259e70,24,1,VARIABLE
delegate,24,6,STATIC
<ksupdateengine:0x100259c60>,24,1,VARIABLE
isprocessing,24,3,VARIABLE
actionscompleted,24,3,VARIABLE
0,24,23,STATIC
progress,24,3,VARIABLE
0.00,24,3,VARIABLE
errors,24,8,STATIC
currentactionerrors,24,3,VARIABLE
events,24,3,VARIABLE
currentactionevents,24,3,VARIABLE
actionqueue,24,3,VARIABLE
(,24,3,VARIABLE
),24,3,VARIABLE
(null),24,3,VARIABLE
serverinfostore,24,3,VARIABLE
<ksserverprivateinfostore:0x1002594d0,24,1,VARIABLE
"""/users/xpc/library/google/googlesoftwareupdate/servers"">",24,3,VARIABLE
-[isgenerateimageop,18,20,STATIC
generateimagewithcompletion:],18,20,STATIC
failed,18,20,STATIC
to,18,20,STATIC
composit,18,20,STATIC
image,18,20,STATIC
for,18,20,STATIC
descriptor,18,20,STATIC
<isbindingimagedescriptor:,18,20,STATIC
0x7f9950712080>.,18,7,STATIC
0x7f9951303310>.,18,1,VARIABLE
error,27,13,STATIC
returned,27,13,STATIC
from,27,13,STATIC
iconservicesagent:,27,13,STATIC
(null),27,13,STATIC
tcp_connection_tls_session_error_callback_imp,15,9,STATIC
1977,15,1,VARIABLE
__tcp_connection_tls_session_callback_write_block_invoke.434,15,8,STATIC
error,15,9,STATIC
22,15,8,STATIC
0x7f9951105bf0>.,18,1,VARIABLE
secosstatuswith,16,5,STATIC
error:[-50],16,5,STATIC
send_datagram_available_ping:,15,26,STATIC
pid,15,26,STATIC
445,15,26,STATIC
failed,15,26,STATIC
act,15,26,STATIC
on,15,26,STATIC
a,15,26,STATIC
ping,15,26,STATIC
it,15,26,STATIC
dequeued,15,26,STATIC
before,15,26,STATIC
timing,15,26,STATIC
out.,15,26,STATIC
warning:,1,1,VARIABLE
type1,1,1,VARIABLE
font,1,2,VARIABLE
data,1,2,VARIABLE
isn't,1,1,VARIABLE
in,1,2,VARIABLE
the,1,3,VARIABLE
correct,1,1,VARIABLE
format,1,2,VARIABLE
required,1,1,VARIABLE
by,1,1,VARIABLE
adobe,1,1,VARIABLE
type,1,1,VARIABLE
1,1,2,VARIABLE
specification.,1,1,VARIABLE
0x7f9951005740>.,18,1,VARIABLE
0x7f9950606790>.,18,3,STATIC
<*>://db05755c-483d-44b7-b93b-ed06e57ff420/caldavprincipal/p11:,0,1,VARIABLE
59,0,1,VARIABLE
device_generate_desktop_screenshot:,17,3,VARIABLE
authw,17,6,STATIC
"0x7fa823c89600(2000),",17,2,VARIABLE
shield,17,6,STATIC
0x7fa8258cac00(2001),17,2,VARIABLE
[<*>],24,7,STATIC
[refusing,24,5,STATIC
to,24,18,STATIC
parse,24,5,STATIC
response,24,6,STATIC
proppatch,24,5,STATIC
because,24,5,STATIC
of,24,6,STATIC
content-type:,24,5,STATIC
[text/html;,24,5,STATIC
charset,24,5,STATIC
utf-8].],24,5,STATIC
network:,14,17,STATIC
"requery,",14,17,STATIC
"0,",14,90,STATIC
"250,",14,2,VARIABLE
"items,",14,17,STATIC
"fqueryretries,",14,17,STATIC
"flastretrytimestamp,",14,17,STATIC
520665636.6,14,1,VARIABLE
640362.070027:,12,1,VARIABLE
"2000710617,",12,1,VARIABLE
"2120985509,",12,1,VARIABLE
previous,20,15,STATIC
cause:,20,15,STATIC
5,20,15,STATIC
rtc,20,5,VARIABLE
(alarm),20,5,VARIABLE
applethunderboltnhitype2::prepciwake,3,15,STATIC
power,3,15,STATIC
up,3,15,STATIC
2,3,4,VARIABLE
us,3,15,STATIC
02:18:39.156,14,1,VARIABLE
changed:,26,16,STATIC
v4(en0-:<*>),26,3,STATIC
v6(en0:2607:f140:6000:8:c6b3:1ff:fecd:467f),26,5,STATIC
dns!,26,7,STATIC
proxy,26,11,STATIC
smb,26,9,STATIC
hibernate_page_list_setall,14,5,VARIABLE
found,14,2,VARIABLE
pagecount,14,4,VARIABLE
448015,14,1,VARIABLE
[atc],17,2,VARIABLE
[error],17,2,VARIABLE
appledevicemanagementhideventservice::start,17,2,VARIABLE
could,17,4,VARIABLE
make,17,2,VARIABLE
string,17,2,VARIABLE
out,17,2,VARIABLE
connection,17,2,VARIABLE
notification,17,4,VARIABLE
key,17,2,VARIABLE
5c:50:15:4c:18:1c,29,1,VARIABLE
[iobluetoothfamily][staticbluetoothtransportshowsup],17,1,VARIABLE
received,17,1,VARIABLE
bluetooth,17,12,STATIC
controller,17,3,VARIABLE
register,17,1,VARIABLE
service,17,2,VARIABLE
0x7000,17,1,VARIABLE
fa||url||taskid[2019353117],24,1,VARIABLE
520708962.7,14,1,VARIABLE
2017-07-02,24,4,VARIABLE
10:40:07.676,24,1,VARIABLE
googlesoftwareupdateagent[32012/0x7000002a0000],24,1,VARIABLE
-[ksagentapp,24,2,VARIABLE
updateproductwithproductid:usingengine:],24,1,VARIABLE
for,24,15,STATIC
updates,24,3,VARIABLE
"""<*>""",24,7,STATIC
using,24,3,VARIABLE
engine,24,3,VARIABLE
<ksupdateengine:0x100313e70,24,1,VARIABLE
<kspersistentticketstore:0x100332a60,24,1,VARIABLE
<kskeyedpersistentstore:0x100315fa0,24,1,VARIABLE
<kslockfile:0x1003176d0,24,1,VARIABLE
<ksactionprocessor:0x1003143e0,24,1,VARIABLE
<ksupdateengine:0x100313e70>,24,1,VARIABLE
<ksserverprivateinfostore:0x100311a10,24,1,VARIABLE
2017/07/02,1,1,VARIABLE
11:38:49.414,1,1,VARIABLE
|,1,16,STATIC
i,1,4,STATIC
voipwrapper,1,4,STATIC
davengineimpl.cpp:1400:close,1,4,STATIC
close,1,4,STATIC
video,1,4,STATIC
chat.,1,4,STATIC
llfrienduin,1,4,STATIC
******2341.,1,1,VARIABLE
645791.413780:,20,1,VARIABLE
"no,",20,9,STATIC
"156,",20,1,VARIABLE
645795.024045:,20,1,VARIABLE
28003,14,1,VARIABLE
le,17,22,STATIC
is,17,21,STATIC
supported,17,11,STATIC
-,17,12,STATIC
disable,17,11,STATIC
meta,17,11,STATIC
event,17,11,STATIC
12:15:23.005,17,1,VARIABLE
:,17,2,VARIABLE
discoverable,17,2,VARIABLE
mode,17,2,VARIABLE
changed,17,2,VARIABLE
off,17,2,VARIABLE
tcp_connection_handle_connect_conditions_bad,15,18,STATIC
19617,15,1,VARIABLE
3,15,19,STATIC
-,15,18,STATIC
no,15,18,STATIC
route,15,18,STATIC
authenticated,6,7,STATIC
645957.322055:,12,1,VARIABLE
ip:,12,12,STATIC
4,3,2,VARIABLE
646193.687729:,5,1,VARIABLE
tbt,1,4,STATIC
w,1,4,STATIC
(2):,1,4,STATIC
0x0040,1,4,STATIC
[x],1,4,STATIC
dns*,26,4,STATIC
646292.668059:,12,1,VARIABLE
646509.760609:,5,1,VARIABLE
2044,15,1,VARIABLE
asl,8,17,STATIC
sender,8,9,STATIC
statistics,8,9,STATIC
0xe0000300,7,2,VARIABLE
15:46:40.516,24,1,VARIABLE
googlesoftwareupdateagent[32432/0x7000002a0000],24,2,VARIABLE
-[ksoutofprocessfetcher(privatemethods),24,4,VARIABLE
launchedhelpertaskfortoolpath:error:],24,1,VARIABLE
ksoutofprocessfetcher,24,7,STATIC
launched,24,1,VARIABLE
'/users/xpc/library/google/googlesoftwareupdate/googlesoftwareupdate.bundle/contents/macos/ksfetch',24,1,VARIABLE
process,24,1,VARIABLE
id:,24,1,VARIABLE
32433,24,1,VARIABLE
15:46:40.697,24,1,VARIABLE
-[ksupdateengine,24,2,VARIABLE
updateallexceptproduct:],24,2,VARIABLE
ksupdateengine,24,2,VARIABLE
updating,24,2,VARIABLE
all,24,2,VARIABLE
installed,24,2,VARIABLE
"products,",24,2,VARIABLE
except:'<*>'.,24,2,VARIABLE
15:46:41.445,24,1,VARIABLE
ksfetch[32435/0x7fff79824000],24,1,VARIABLE
main(),24,4,VARIABLE
ksfetch,24,2,VARIABLE
fetching,24,3,VARIABLE
url,24,7,STATIC
(<nsmutableurlrequest:,24,2,VARIABLE
0x1005110b0>,24,1,VARIABLE
{,24,3,VARIABLE
url:,24,9,STATIC
https://<*>/service/update2?cup2hreq,24,3,VARIABLE
53f725cf03f511fab16f19e789ce64aa1eed72395fc246e9f1100748325002f4&cup2key,24,1,VARIABLE
7:1132320327,24,1,VARIABLE
}),24,2,VARIABLE
folder:/tmp/ksoutofprocessfetcher.yh2cjy1tnx/download,24,1,VARIABLE
fa||url||taskid[2019353182],24,1,VARIABLE
not,24,31,STATIC
allowed,24,15,STATIC
in,24,31,STATIC
target,24,15,STATIC
domain:,24,15,STATIC
type,24,16,STATIC
"pid,",24,15,STATIC
/system/library/stagedframeworks/safari/safarishared.framework/versions/a/xpcservices/<*>/contents/macos/<*>,24,15,STATIC
error,24,16,STATIC
147:,24,15,STATIC
the,24,32,STATIC
specified,24,15,STATIC
service,24,19,STATIC
did,24,15,STATIC
ship,24,15,STATIC
requestor's,24,15,STATIC
"bundle,",24,15,STATIC
origin,24,15,STATIC
/system/library/stagedframeworks/safari/webkit.framework/versions/a/xpcservices/<*>,24,15,STATIC
2068,15,1,VARIABLE
[17:13:46.390],14,1,VARIABLE
<<<<,14,4,VARIABLE
iq-ca,14,4,VARIABLE
>>>>,14,4,VARIABLE
piqca_setuseprequeue:,14,4,VARIABLE
(0x7f92413e3000),14,1,VARIABLE
rejecting,14,4,VARIABLE
report,14,4,VARIABLE
of,14,4,VARIABLE
layer,14,4,VARIABLE
being,14,4,VARIABLE
serviced,14,4,VARIABLE
-,14,10,STATIC
iq,14,4,VARIABLE
has,14,4,VARIABLE
not,14,6,VARIABLE
yet,14,4,VARIABLE
begun,14,4,VARIABLE
to,14,7,VARIABLE
update,14,4,VARIABLE
[17:19:15.148],25,1,VARIABLE
itemasync_setproperty,25,5,STATIC
signalled,25,21,STATIC
err,25,21,STATIC
-12785,25,9,STATIC
(kfigbaseobjecterror_invalidated),25,9,STATIC
(invalidated),25,9,STATIC
at,25,21,STATIC
/library/caches/<*>/sources/coremedia/<*>/prototypes/player/figplayer_async.c,25,9,STATIC
line,25,21,STATIC
2306,25,5,STATIC
keychaingeticdpstatus:,16,22,STATIC
keychain:,16,14,STATIC
-25300,16,14,STATIC
host,16,1,VARIABLE
connection,16,20,STATIC
<nsxpcconnection:,16,3,VARIABLE
0x7fddbbb015c0>,16,1,VARIABLE
from,16,3,VARIABLE
pid,16,3,VARIABLE
30298,16,1,VARIABLE
invalidated,16,1,VARIABLE
error,25,2,VARIABLE
in,25,8,STATIC
coredragremovereceivehandler:,25,1,VARIABLE
-1856,25,2,VARIABLE
661549.802297:,5,1,VARIABLE
leavemodulepoweredforoffloads:,5,9,STATIC
wi-fi,5,9,STATIC
will,5,9,STATIC
stay,5,9,STATIC
on.,5,9,STATIC
661552.832561:,20,1,VARIABLE
"onwake,",20,5,VARIABLE
49,0,1,VARIABLE
<*>(32626),4,1,VARIABLE
661708.530713:,12,1,VARIABLE
fe80:0:0:0:c6b3:1ff:fecd:467f,12,9,VARIABLE
2262,0,1,VARIABLE
inactive,6,4,STATIC
in6_unlink_ifa:,5,9,STATIC
ipv6,5,9,STATIC
address,5,9,STATIC
0x77c9114551ab23ab,5,1,VARIABLE
has,5,9,STATIC
no,5,9,STATIC
prefix,5,9,STATIC
v4(en0:<*>),26,3,STATIC
v6(en0+:2607:f140:6000:8:c6b3:1ff:fecd:467f),26,2,VARIABLE
318966,0,1,VARIABLE
3,21,14,STATIC
661856.313502:,12,1,VARIABLE
318156,0,1,VARIABLE
661915.168735:,12,1,VARIABLE
2607:f140:6000:8:4de9:a101:c96c:f28b,12,2,VARIABLE
3498,0,1,VARIABLE
pbrequester,16,5,STATIC
failed,16,9,STATIC
nsurlerrordomain,16,7,STATIC
-1001,16,6,STATIC
"""the",16,14,STATIC
request,16,12,STATIC
timed,16,12,STATIC
"out.""",16,6,STATIC
{nsunderlyingerror,16,7,STATIC
0x7fe133460660,16,1,VARIABLE
{error,16,7,STATIC
kcferrordomaincfnetwork,16,7,STATIC
{nserrorfailingurlstringkey,16,7,STATIC
"https://<*>/dispatcher.arpc,",16,12,STATIC
nserrorfailingurlkey,16,14,STATIC
_kcfstreamerrorcodekey,16,14,STATIC
"-2102,",16,6,STATIC
_kcfstreamerrordomainkey,16,14,STATIC
"4,",16,6,STATIC
nslocalizeddescription,16,14,STATIC
"out.}},",16,3,VARIABLE
nserrorfailingurlstringkey,16,7,STATIC
out.},16,3,VARIABLE
662096.028575:,12,1,VARIABLE
314896,0,1,VARIABLE
106,0,2,VARIABLE
5,3,4,VARIABLE
2017-07-03,17,4,VARIABLE
03:01:48,17,1,VARIABLE
61304,0,1,VARIABLE
03:22:06,17,1,VARIABLE
device_generate_lock_screen_screenshot:,17,3,VARIABLE
"0x7fa823962400(2000)[0,",17,1,VARIABLE
"0,",17,4,VARIABLE
"1440,",17,2,VARIABLE
900],17,2,VARIABLE
"0x7fa82d372000(2001),",17,1,VARIABLE
dev,17,3,VARIABLE
"[1440,900]",17,3,VARIABLE
2017-07-02,1,1,VARIABLE
20:50:47.457,1,1,VARIABLE
ksfetch[32776/0x7fff79824000],1,1,VARIABLE
[lvl,1,4,STATIC
2],1,4,STATIC
kshelperreceivealldata(),1,3,VARIABLE
kshelpertool,1,3,VARIABLE
read,1,6,STATIC
1926,1,2,VARIABLE
bytes,1,6,STATIC
from,1,3,VARIABLE
stdin.,1,3,VARIABLE
[21:17:07.529],25,1,VARIABLE
figagglomeratorsetobjectforkey,25,11,STATIC
-16020,25,11,STATIC
(kfigstringconformererror_paramerr),25,11,STATIC
(null,25,11,STATIC
key),25,11,STATIC
/library/caches/<*>/sources/coremedia/<*>/prototypes/legibleoutput/figagglomerator.c,25,11,STATIC
92,25,11,STATIC
2103,15,1,VARIABLE
21:48:53.041,14,1,VARIABLE
off,14,4,VARIABLE
-1009,16,8,STATIC
internet,16,16,STATIC
appears,16,16,STATIC
to,16,18,STATIC
be,16,16,STATIC
"offline.""",16,8,STATIC
0x7fe13512cf70,16,1,VARIABLE
"8,",16,8,STATIC
"12,",16,8,STATIC
"offline.}},",16,4,VARIABLE
offline.},16,4,VARIABLE
669592.164786:,1,1,VARIABLE
params,1,7,STATIC
0xfc0,1,7,STATIC
maxlen,1,7,STATIC
hi/lo,1,7,STATIC
0xffff,1,7,STATIC
minlen,1,7,STATIC
adjlen,1,7,STATIC
event,8,16,STATIC
qq(10018),4,3,VARIABLE
mach-lookup,4,3,VARIABLE
<*>,4,3,VARIABLE
<*>(32885),4,1,VARIABLE
[22:32:34.846],25,1,VARIABLE
<<<<,25,25,STATIC
boss,25,23,STATIC
>>>>,25,25,STATIC
figplaybackbossprerollcompleted:,25,23,STATIC
unexpected,25,23,STATIC
preroll-complete,25,23,STATIC
notification,25,23,STATIC
671682.028482:,12,1,VARIABLE
2115,15,1,VARIABLE
sigio_handler:,14,5,VARIABLE
sigio_handler_active,14,5,VARIABLE
!,14,5,VARIABLE
0,14,12,STATIC
##############################,1,10,STATIC
_getsysmsglist,1,10,STATIC
configuration,8,3,VARIABLE
notice:,8,3,VARIABLE
module,8,6,STATIC
"""<*>""",8,4,STATIC
claims,8,2,VARIABLE
selected,8,2,VARIABLE
messages.,8,2,VARIABLE
those,8,2,VARIABLE
messages,8,2,VARIABLE
may,8,2,VARIABLE
not,8,3,VARIABLE
appear,8,2,VARIABLE
in,8,5,STATIC
standard,8,2,VARIABLE
system,8,2,VARIABLE
log,8,2,VARIABLE
files,8,2,VARIABLE
or,8,2,VARIABLE
the,8,2,VARIABLE
database.,8,2,VARIABLE
671856.784669:,20,1,VARIABLE
"18011,",20,1,VARIABLE
?,20,2,VARIABLE
01:06:37.436,14,1,VARIABLE
scanning,14,11,STATIC
mode,14,7,VARIABLE
contacts,14,7,VARIABLE
only,14,7,VARIABLE
671889.268467:,12,1,VARIABLE
"2040703749,",12,1,VARIABLE
"3006590414,",12,1,VARIABLE
671958.142550:,12,1,VARIABLE
"49791,",12,1,VARIABLE
5223,12,3,VARIABLE
01:42:26.004,14,1,VARIABLE
stopped,14,2,VARIABLE
<*>(32992),4,1,VARIABLE
time,20,3,VARIABLE
set,20,3,VARIABLE
+0.270003,20,1,VARIABLE
s,20,3,VARIABLE
672041.595629:,12,1,VARIABLE
"258,",12,2,VARIABLE
mtactuatormanagement::getactuatorref,17,1,VARIABLE
calling,17,4,VARIABLE
mtactuatoropen(),17,1,VARIABLE
outside,17,1,VARIABLE
of,17,3,VARIABLE
mttrackpadhidmanager.,17,1,VARIABLE
672113.005012:,12,1,VARIABLE
672113.005034:,12,1,VARIABLE
"1128495564,",12,1,VARIABLE
"3106452487,",12,1,VARIABLE
672115.511090:,5,1,VARIABLE
09:32:01,17,1,VARIABLE
03:31:43.005,14,1,VARIABLE
0x77c9114551ab225b,5,1,VARIABLE
672405.912863:,12,1,VARIABLE
2607:f140:400:a01b:c6b3:1ff:fecd:467f,12,2,VARIABLE
"252,",14,3,VARIABLE
520765684.9,14,1,VARIABLE
(<*>),29,2,VARIABLE
672487.663921:,12,1,VARIABLE
<*>(33047),4,1,VARIABLE
-0.331349,20,1,VARIABLE
<*>(33056),4,1,VARIABLE
672663.206073:,12,1,VARIABLE
"2185760336,",12,1,VARIABLE
"2085655440,",12,1,VARIABLE
0x80039b7,19,6,STATIC
applecamin::handlewakeevent_gated,7,15,STATIC
672735.825491:,5,1,VARIABLE
6,3,2,VARIABLE
<*>(33119),4,1,VARIABLE
672922.026642:,12,1,VARIABLE
672925.537944:,5,1,VARIABLE
672925.539048:,5,1,VARIABLE
673002.849007:,12,1,VARIABLE
06:57:52.002,14,1,VARIABLE
purged,14,2,VARIABLE
contact,14,2,VARIABLE
<*>(33139),4,2,VARIABLE
673078.174655:,5,1,VARIABLE
673110.784021:,12,1,VARIABLE
"4039579370,",12,1,VARIABLE
"2406464715,",12,1,VARIABLE
07:33:34.878,14,1,VARIABLE
started,14,4,VARIABLE
iopmrootdomain:,14,3,VARIABLE
idle,14,3,VARIABLE
"cancel,",14,3,VARIABLE
state,14,4,VARIABLE
1,14,12,STATIC
673255.225425:,5,1,VARIABLE
08:21:18.004,17,1,VARIABLE
673289.745639:,12,1,VARIABLE
"1578355965,",12,1,VARIABLE
"2401645769,",12,1,VARIABLE
520783088.4,14,1,VARIABLE
673321.718258:,12,1,VARIABLE
"50542,",12,1,VARIABLE
1857,14,1,VARIABLE
673324.060219:,12,1,VARIABLE
"815278018,",12,1,VARIABLE
"1982345407,",12,1,VARIABLE
673325.798753:,20,1,VARIABLE
tcp,20,2,VARIABLE
timeout,20,2,VARIABLE
673399.580233:,20,1,VARIABLE
"13027,",20,1,VARIABLE
8,3,1,VARIABLE
673431.714836:,12,1,VARIABLE
"50601,",12,1,VARIABLE
hibernate_alloc_pages,14,2,VARIABLE
act,14,5,VARIABLE
"173850,",14,1,VARIABLE
inact,14,5,VARIABLE
"24957,",14,1,VARIABLE
anon,14,2,VARIABLE
"891,",14,1,VARIABLE
throt,14,2,VARIABLE
spec,14,5,VARIABLE
"73492,",14,1,VARIABLE
wire,14,2,VARIABLE
"527143,",14,1,VARIABLE
wireinit,14,2,VARIABLE
39927,14,2,VARIABLE
hibernate_teardown_pmap_structs,14,2,VARIABLE
done:,14,3,VARIABLE
last_valid_compact_indx,14,3,VARIABLE
282563,14,1,VARIABLE
673493.721766:,12,1,VARIABLE
1936,14,1,VARIABLE
09:57:10.384,14,1,VARIABLE
enabling,24,1,VARIABLE
pid,24,1,VARIABLE
30298,24,1,VARIABLE
plug-in,24,1,VARIABLE
<*>(1.0),24,1,VARIABLE
131fe7ed-87f7-471d-8797-c11107688df7,24,1,VARIABLE
/system/library/coreservices/weather.app/contents/plugins/<*>,24,1,VARIABLE
fa||url||taskid[2019353296],24,1,VARIABLE
2017-07-03,24,3,VARIABLE
10:40:41.730,24,1,VARIABLE
googlesoftwareupdateagent[33263/0x700000323000],24,2,VARIABLE
performselfupdatewithengine:],24,1,VARIABLE
self,24,1,VARIABLE
update,24,3,VARIABLE
<ksupdateengine:0x10062de70,24,1,VARIABLE
<kspersistentticketstore:0x1005206e0,24,1,VARIABLE
<kskeyedpersistentstore:0x1005282c0,24,1,VARIABLE
<kslockfile:0x100510480,24,1,VARIABLE
<ksactionprocessor:0x10062e060,24,1,VARIABLE
<ksupdateengine:0x10062de70>,24,1,VARIABLE
<ksserverprivateinfostore:0x10062d2d0,24,1,VARIABLE
10:40:42.940,24,1,VARIABLE
-[ksomahaserver,24,1,VARIABLE
updateinfosforupdateresponse:updaterequest:infostore:uptodatetickets:updatedtickets:events:errors:],24,1,VARIABLE
passed,24,1,VARIABLE
cup,24,1,VARIABLE
validation.,24,1,VARIABLE
fa||url||taskid[2019353306],24,1,VARIABLE
[11:27:14.923],25,1,VARIABLE
[11:31:49.472],25,1,VARIABLE
[11:31:49.593],25,1,VARIABLE
itemasync_copyproperty,25,4,STATIC
2092,25,4,STATIC
[11:34:44.290],25,1,VARIABLE
[11:38:27.892],14,1,VARIABLE
(0x7fce1406d600),14,1,VARIABLE
[11:39:18.356],14,1,VARIABLE
(0x7fce15069400),14,1,VARIABLE
[11:41:18.041],14,1,VARIABLE
(0x7fce16267800),14,1,VARIABLE
[11:48:35.539],25,1,VARIABLE
[11:50:02.531],25,1,VARIABLE
[11:50:13.362],25,1,VARIABLE
[11:51:29.334],25,1,VARIABLE
[11:56:05.232],25,1,VARIABLE
[11:58:00.829],25,1,VARIABLE
[11:58:36.563],25,1,VARIABLE
[12:02:22.126],25,1,VARIABLE
[12:03:48.669],25,1,VARIABLE
[12:04:32.065],25,1,VARIABLE
[12:11:47.043],25,1,VARIABLE
[12:22:42.202],25,1,VARIABLE
-0.855670,20,1,VARIABLE
opened,14,3,VARIABLE
file,14,3,VARIABLE
"/var/log/sleepwakestacks.bin,",14,2,VARIABLE
size,14,3,VARIABLE
"172032,",14,2,VARIABLE
extents,14,3,VARIABLE
"1,",14,4,VARIABLE
maxio,14,3,VARIABLE
2000000,14,3,VARIABLE
ssd,14,3,VARIABLE
network:,26,4,STATIC
no,26,4,STATIC
response,26,4,STATIC
from,26,4,STATIC
"server,",26,4,STATIC
"reachability,",26,4,STATIC
"2,",26,4,STATIC
"queryretries,",26,4,STATIC
0,26,1,VARIABLE
unexpected,24,2,VARIABLE
payload,24,2,VARIABLE
found,24,2,VARIABLE
message,24,2,VARIABLE
"9,",24,2,VARIABLE
datalen,24,2,VARIABLE
ccfile::capturelog,23,17,STATIC
supported,28,4,STATIC
channels,28,4,STATIC
2,28,4,STATIC
3,28,4,STATIC
4,28,4,STATIC
5,28,4,STATIC
7,28,4,STATIC
8,28,4,STATIC
9,28,4,STATIC
10,28,4,STATIC
11,28,4,STATIC
12,28,4,STATIC
13,28,4,STATIC
36,28,4,STATIC
40,28,4,STATIC
44,28,4,STATIC
48,28,4,STATIC
52,28,4,STATIC
56,28,4,STATIC
60,28,4,STATIC
64,28,4,STATIC
100,28,4,STATIC
104,28,4,STATIC
108,28,4,STATIC
112,28,4,STATIC
116,28,4,STATIC
120,28,4,STATIC
124,28,4,STATIC
128,28,4,STATIC
132,28,4,STATIC
136,28,4,STATIC
140,28,4,STATIC
144,28,4,STATIC
149,28,4,STATIC
153,28,4,STATIC
157,28,4,STATIC
161,28,4,STATIC
681387.132167:,20,1,VARIABLE
airport_brcm43xx::powerchange:,20,29,STATIC
system,20,29,STATIC
-,20,12,STATIC
full,20,14,STATIC
wake/,20,12,STATIC
dark,20,12,STATIC
/,20,12,STATIC
681446.072377:,5,1,VARIABLE
internal,26,2,VARIABLE
name,26,3,STATIC
did,26,1,VARIABLE
resolve,26,1,VARIABLE
address!,26,1,VARIABLE
exited,24,1,VARIABLE
abnormal,24,1,VARIABLE
code:,24,1,VARIABLE
1,24,5,STATIC
central,14,2,VARIABLE
manager,14,1,VARIABLE
is,14,2,VARIABLE
skipping,23,31,STATIC
current,23,62,STATIC
file,23,93,STATIC
dir,23,31,STATIC
"[2017-07-03_13,48,39.362458]-ccioreporter-002.xml,",23,1,VARIABLE
"[2017-07-03_13,48,39.362458]-ccioreporter-002.xml",23,1,VARIABLE
tc20795,12,1,VARIABLE
ccfile::copyfile,23,21,STATIC
filename,23,21,STATIC
is,23,21,STATIC
"[2017-07-03_13,48,39.308188]-io80211family-002.pcapng,",23,1,VARIABLE
source,23,21,STATIC
"path:/var/log/corecapture/<*>/io80211awdlpeermanager//[2017-07-03_13,48,39.308188]-io80211family-002.pcapng,",23,1,VARIABLE
dest,23,21,STATIC
"path:/library/logs/crashreporter/corecapture/<*>/[2017-07-03_13,50,14.954481]",23,1,VARIABLE
"assocfail:sts:2_rsn:0/io80211awdlpeermanager//[2017-07-03_13,48,39.308188]-io80211family-002.pcapng",23,1,VARIABLE
682068.402171:,1,1,VARIABLE
framerdy,1,8,STATIC
bmccmd,1,8,STATIC
7,1,2,VARIABLE
framecnt,1,8,STATIC
1024,1,8,STATIC
20835,15,1,VARIABLE
20851,15,1,VARIABLE
<*>(33476),4,1,VARIABLE
<immacnotificationcentermanager:,17,11,STATIC
0x7ff1b2e00ba0>:,17,3,VARIABLE
dnd,17,3,VARIABLE
enabled:,17,5,STATIC
yes,17,2,VARIABLE
13:55:56.094,20,1,VARIABLE
:,20,2,VARIABLE
starting,20,2,VARIABLE
airdrop,20,2,VARIABLE
server,20,2,VARIABLE
for,20,3,VARIABLE
user,20,2,VARIABLE
501,20,2,VARIABLE
<*>(33493),4,1,VARIABLE
682406.173418:,12,1,VARIABLE
682407.704265:,12,1,VARIABLE
"1181052579,",12,1,VARIABLE
"1862377178,",12,1,VARIABLE
2017/7/3,20,2,VARIABLE
"21:47:58,",20,1,VARIABLE
21:35:20,20,1,VARIABLE
<*>(33508),4,1,VARIABLE
682466.260119:,5,1,VARIABLE
22:01:36,17,1,VARIABLE
682468.243050:,20,1,VARIABLE
682468.243133:,5,1,VARIABLE
<<<<,1,3,VARIABLE
figbytestream,1,3,VARIABLE
>>>>,1,3,VARIABLE
figbytestreamstatslogoneread:,1,3,VARIABLE
bytestream,1,3,VARIABLE
of,1,5,STATIC
4812,1,1,VARIABLE
@,1,5,STATIC
358800,1,1,VARIABLE
took,1,3,VARIABLE
1.053312,1,1,VARIABLE
secs.,1,1,VARIABLE
to,1,3,VARIABLE
"complete,",1,3,VARIABLE
5,1,4,STATIC
reads,1,3,VARIABLE
>,1,3,VARIABLE
sec.,1,5,STATIC
<*>(33523),4,1,VARIABLE
682634.998705:,12,1,VARIABLE
682638.445688:,20,1,VARIABLE
v6(en0!:2607:f140:6000:8:f1dc:a608:863:19ad),26,1,VARIABLE
dns,26,1,VARIABLE
"1499122032.492037,",8,1,VARIABLE
ccioreporterformatter::refreshsubscriptionsfromstreamregistry,8,9,STATIC
clearing,8,9,STATIC
out,8,9,STATIC
any,8,10,STATIC
previous,8,9,STATIC
subscriptions,8,9,STATIC
"[2017-07-03_15,47,15.246620]-airportbrcm4360_logs-007.txt,",23,1,VARIABLE
"path:/var/log/corecapture/<*>/driverlogs//[2017-07-03_15,47,15.246620]-airportbrcm4360_logs-007.txt,",23,1,VARIABLE
"path:/library/logs/crashreporter/corecapture/<*>/[2017-07-03_15,47,15.349129]",23,1,VARIABLE
"authfail:sts:5_rsn:0/driverlogs//[2017-07-03_15,47,15.246620]-airportbrcm4360_logs-007.txt",23,1,VARIABLE
<*>(33540),4,1,VARIABLE
"cclogtap::profileremoved,",8,3,VARIABLE
owner:,8,5,STATIC
"<*>,",8,5,STATIC
name:,8,5,STATIC
onestats,8,1,VARIABLE
4321,1,1,VARIABLE
48,1,1,VARIABLE
0.607292,1,1,VARIABLE
0.5,1,2,VARIABLE
"[2017-07-03_16,05,51.031703]-airportbrcm4360_logs-003.txt,",23,1,VARIABLE
"[2017-07-03_16,05,51.031703]-airportbrcm4360_logs-003.txt",23,1,VARIABLE
"[2017-07-03_16,05,51.075268]-airportbrcm4360_logs-005.txt,",23,1,VARIABLE
"[2017-07-03_16,05,51.075268]-airportbrcm4360_logs-005.txt",23,1,VARIABLE
"[2017-07-03_16,05,51.177343]-io80211family-003.pcapng,",23,1,VARIABLE
"[2017-07-03_16,05,51.177343]-io80211family-003.pcapng",23,1,VARIABLE
"[2017-07-03_16,06,19.893324]-airportbrcm4360_logs-008.txt,",23,1,VARIABLE
"[2017-07-03_16,06,19.893324]-airportbrcm4360_logs-008.txt",23,1,VARIABLE
v6(en0-:2607:f140:6000:8:d8d1:d506:6046:43e4),26,1,VARIABLE
dns-,26,3,STATIC
proxy-,26,3,STATIC
682827.873728:,1,1,VARIABLE
"[2017-07-03_16,06,19.861073]-ccioreporter-008.xml,",23,1,VARIABLE
"path:/var/log/corecapture/<*>/onestats//[2017-07-03_16,06,19.861073]-ccioreporter-008.xml,",23,1,VARIABLE
"path:/library/logs/crashreporter/corecapture/<*>/[2017-07-03_16,07,33.914349]",23,1,VARIABLE
"authfail:sts:5_rsn:0/onestats//[2017-07-03_16,06,19.861073]-ccioreporter-008.xml",23,1,VARIABLE
"[2017-07-03_16,07,33.934533]-airportbrcm4360_logs-009.txt,",23,1,VARIABLE
"[2017-07-03_16,07,33.934533]-airportbrcm4360_logs-009.txt",23,1,VARIABLE
682833.053879:,1,1,VARIABLE
"[2017-07-03_16,07,38.954579]-io80211family-016.pcapng,",23,1,VARIABLE
"path:/var/log/corecapture/<*>/io80211awdlpeermanager//[2017-07-03_16,07,38.954579]-io80211family-016.pcapng,",23,1,VARIABLE
"path:/library/logs/crashreporter/corecapture/<*>/[2017-07-03_16,07,39.094895]",23,1,VARIABLE
"authfail:sts:5_rsn:0/io80211awdlpeermanager//[2017-07-03_16,07,38.954579]-io80211family-016.pcapng",23,1,VARIABLE
"[2017-07-03_16,07,39.096792]-ccioreporter-017.xml,",23,1,VARIABLE
"path:/var/log/corecapture/<*>/onestats//[2017-07-03_16,07,39.096792]-ccioreporter-017.xml,",23,1,VARIABLE
"path:/library/logs/crashreporter/corecapture/<*>/[2017-07-03_16,07,39.171995]",23,1,VARIABLE
"authfail:sts:5_rsn:0/onestats//[2017-07-03_16,07,39.096792]-ccioreporter-017.xml",23,1,VARIABLE
682834.192587:,12,1,VARIABLE
wlc_dump_aggfifo:,12,6,VARIABLE
"[2017-07-03_16,07,40.650186]-ccioreporter-027.xml,",23,1,VARIABLE
"[2017-07-03_16,07,40.650186]-ccioreporter-027.xml",23,1,VARIABLE
682840.256116:,1,1,VARIABLE
0x30,1,1,VARIABLE
"[2017-07-03_16,07,46.105103]-ccioreporter-032.xml,",23,1,VARIABLE
"path:/var/log/corecapture/<*>/onestats//[2017-07-03_16,07,46.105103]-ccioreporter-032.xml,",23,1,VARIABLE
"path:/library/logs/crashreporter/corecapture/<*>/[2017-07-03_16,07,46.298508]",23,1,VARIABLE
"authfail:sts:5_rsn:0/onestats//[2017-07-03_16,07,46.105103]-ccioreporter-032.xml",23,1,VARIABLE
"[2017-07-03_16,25,27.859687]-ccioreporter-038.xml,",23,1,VARIABLE
"[2017-07-03_16,25,27.859687]-ccioreporter-038.xml",23,1,VARIABLE
[16:25:45.631],24,1,VARIABLE
crabsflumehostunavailable:,24,2,VARIABLE
unavailable.,24,2,VARIABLE
<*>(33562),4,1,VARIABLE
682969.397322:,5,1,VARIABLE
"[2017-07-03_16,27,04.995982]-io80211family-040.pcapng,",23,1,VARIABLE
"path:/var/log/corecapture/<*>/io80211awdlpeermanager//[2017-07-03_16,27,04.995982]-io80211family-040.pcapng,",23,1,VARIABLE
"path:/library/logs/crashreporter/corecapture/<*>/[2017-07-03_16,27,05.123034]",23,1,VARIABLE
"authfail:sts:5_rsn:0/io80211awdlpeermanager//[2017-07-03_16,27,04.995982]-io80211family-040.pcapng",23,1,VARIABLE
682977.654133:,12,1,VARIABLE
"[2017-07-03_16,27,09.910337]-airportbrcm4360_logs-047.txt,",23,1,VARIABLE
"path:/var/log/corecapture/<*>/driverlogs//[2017-07-03_16,27,09.910337]-airportbrcm4360_logs-047.txt,",23,1,VARIABLE
"path:/library/logs/crashreporter/corecapture/<*>/[2017-07-03_16,27,10.162319]",23,1,VARIABLE
"authfail:sts:5_rsn:0/driverlogs//[2017-07-03_16,27,09.910337]-airportbrcm4360_logs-047.txt",23,1,VARIABLE
dosavechannels@286:,8,6,STATIC
will,8,6,STATIC
write,8,6,STATIC
to:,8,6,STATIC
"/library/logs/crashreporter/corecapture/ioreporters/[2017-07-03_16,27,09.307937]",8,1,VARIABLE
-,8,6,STATIC
authfail:sts:5_rsn:0.xml,8,4,STATIC
21152,15,1,VARIABLE
<*>:8080@0,15,1,VARIABLE
[51],15,1,VARIABLE
unreachable,15,1,VARIABLE
21158,15,1,VARIABLE
"[2017-07-03_16,28,40.259618]-airportbrcm4360_logs-055.txt,",23,1,VARIABLE
"[2017-07-03_16,28,40.259618]-airportbrcm4360_logs-055.txt",23,1,VARIABLE
683047.197539:,1,1,VARIABLE
"[2017-07-03_16,29,09.137954]-ccioreporter-062.xml,",23,1,VARIABLE
"[2017-07-03_16,29,09.137954]-ccioreporter-062.xml",23,1,VARIABLE
neteasemusic.17988,12,2,VARIABLE
tc9008,12,1,VARIABLE
<*>:80,12,8,VARIABLE
[carddavplugin-error],16,2,VARIABLE
-getprincipalinfo:[_controller,16,2,VARIABLE
supportsrequestcompressionaturl:https://13957525385%40163.com@<*>/874161398/principal/],16,2,VARIABLE
0x7f9af3646900,16,1,VARIABLE
"https://13957525385%40163.com@<*>/874161398/principal/,",16,8,STATIC
683172.046921:,5,1,VARIABLE
683173.929950:,20,1,VARIABLE
683239.026135:,12,1,VARIABLE
image,14,3,VARIABLE
path:,14,3,VARIABLE
/var/vm/sleepimage,14,2,VARIABLE
hibernate_flush_memory:,14,2,VARIABLE
buffer_cache_gc,14,2,VARIABLE
freed,14,2,VARIABLE
up,14,2,VARIABLE
13202,14,1,VARIABLE
wired,14,2,VARIABLE
pages,14,5,VARIABLE
hibernate_machine_init,14,4,VARIABLE
pagesdone,14,2,VARIABLE
455920,14,1,VARIABLE
sum2,14,2,VARIABLE
"81cafc41,",14,1,VARIABLE
time:,14,9,STATIC
185,14,1,VARIABLE
"ms,",14,7,VARIABLE
disk(0x20000),14,2,VARIABLE
847,14,1,VARIABLE
"mb/s,",14,4,VARIABLE
comp,14,2,VARIABLE
bytes:,14,4,VARIABLE
47288320,14,1,VARIABLE
32,14,1,VARIABLE
1369,14,1,VARIABLE
crypt,14,2,VARIABLE
158441472,14,1,VARIABLE
38,14,1,VARIABLE
3973,14,1,VARIABLE
mb/s,14,2,VARIABLE
assertion,17,4,VARIABLE
failed:,17,4,VARIABLE
dvcaddrref,17,4,VARIABLE
!,17,4,VARIABLE
((void,17,4,VARIABLE
*)0),17,4,VARIABLE
-[driverservices,17,4,VARIABLE
getdeviceaddress:],17,4,VARIABLE
line:,17,4,VARIABLE
2789,17,4,VARIABLE
reading,14,2,VARIABLE
assertion,24,3,VARIABLE
failed:,24,3,VARIABLE
15g1510:,24,3,VARIABLE
<*>,24,11,STATIC
+,24,3,VARIABLE
38574,24,3,VARIABLE
[10d2e324-788c-30cc-a749-55ae67aec7bc]:,24,3,VARIABLE
0x7fc235807b90,24,3,VARIABLE
3349,14,1,VARIABLE
2017-07-04,17,1,VARIABLE
00:25:15,17,1,VARIABLE
jemmytest,1,10,STATIC
hibernate_setup(0),14,2,VARIABLE
4429,14,1,VARIABLE
****,17,18,STATIC
[iobluetoothfamily][processbluetoothtransportshowsupactionwl],17,3,VARIABLE
iobluetoothfamily's,17,2,VARIABLE
registerservice(),17,2,VARIABLE
0x5fd0,17,3,VARIABLE
0x9a00,17,3,VARIABLE
0x6800,17,2,VARIABLE
connected,17,1,VARIABLE
the,17,3,VARIABLE
transport,17,1,VARIABLE
successfully,17,1,VARIABLE
hcicontrolleronline;,17,1,VARIABLE
hid,17,1,VARIABLE
devices?,17,1,VARIABLE
init,17,2,VARIABLE
host,17,2,VARIABLE
published,17,2,VARIABLE
polled,1,3,VARIABLE
file,1,3,VARIABLE
major,1,3,VARIABLE
"1,",1,3,VARIABLE
minor,1,3,VARIABLE
blocksize,1,3,VARIABLE
"4096,",1,3,VARIABLE
pollers,1,3,VARIABLE
buildactdeviceentry,17,4,VARIABLE
exit,17,2,VARIABLE
tc21242,12,1,VARIABLE
683604.474196:,20,1,VARIABLE
"standby,",20,1,VARIABLE
"578,",20,1,VARIABLE
683617.825411:,5,1,VARIABLE
683623.036953:,12,1,VARIABLE
arpt,20,3,VARIABLE
(network),20,3,VARIABLE
appleactuatorhideventdriver:,17,3,VARIABLE
message,17,1,VARIABLE
terminated,17,1,VARIABLE
[18:56:23.837],24,1,VARIABLE
64:d9:89:6b:b5:33,29,1,VARIABLE
"1499133420.914478,",8,1,VARIABLE
deauthind:sts:0_rsn:7,8,1,VARIABLE
"[2017-07-03_18,57,12.221233]-airportbrcm4360_logs-005.txt,",23,1,VARIABLE
"[2017-07-03_18,57,12.221233]-airportbrcm4360_logs-005.txt",23,1,VARIABLE
payload,1,1,VARIABLE
07,1,1,VARIABLE
00,1,1,VARIABLE
'us'.,5,2,VARIABLE
warning:,14,2,VARIABLE
skipped,14,2,VARIABLE
11799,14,1,VARIABLE
xpmapped,14,2,VARIABLE
hibernate_teardown:,14,1,VARIABLE
wired_pages,14,1,VARIABLE
"544767,",14,1,VARIABLE
free_pages,14,1,VARIABLE
"3578340,",14,1,VARIABLE
active_pages,14,1,VARIABLE
"40000,",14,1,VARIABLE
inactive_pages,14,1,VARIABLE
speculative_pages,14,1,VARIABLE
cleaned_pages,14,1,VARIABLE
compressor_pages,14,1,VARIABLE
112,14,1,VARIABLE
"554018,",1,1,VARIABLE
"418692,",1,1,VARIABLE
"40000,",1,1,VARIABLE
"112,",1,1,VARIABLE
eventserviceconnectedcallback,17,2,VARIABLE
0xc800,17,1,VARIABLE
683779.928118:,1,1,VARIABLE
683780.224800:,1,1,VARIABLE
[19:04:53.965],25,1,VARIABLE
21353,15,1,VARIABLE
"[2017-07-03_19,04,57.722196]-io80211family-018.pcapng,",23,1,VARIABLE
"path:/var/log/corecapture/<*>/io80211awdlpeermanager//[2017-07-03_19,04,57.722196]-io80211family-018.pcapng,",23,1,VARIABLE
"path:/library/logs/crashreporter/corecapture/<*>/[2017-07-03_19,05,37.535347]",23,1,VARIABLE
"authfail:sts:2_rsn:0/io80211awdlpeermanager//[2017-07-03_19,04,57.722196]-io80211family-018.pcapng",23,1,VARIABLE
hibernate_rebuild_pmap_structs,14,1,VARIABLE
285862,14,1,VARIABLE
enter,17,2,VARIABLE
(importbailout.error:1331),14,1,VARIABLE
asked,14,1,VARIABLE
exit,14,1,VARIABLE
for,14,1,VARIABLE
diskarb,14,1,VARIABLE
[20:20:37.119],25,1,VARIABLE
20:25:13.378,24,1,VARIABLE
googlesoftwareupdateagent[33847/0x7000002a0000],24,1,VARIABLE
-[ksupdatecheckaction,24,2,VARIABLE
performaction],24,4,VARIABLE
ksupdatecheckaction,24,2,VARIABLE
starting,24,2,VARIABLE
check,24,2,VARIABLE
ticket(s):,24,2,VARIABLE
{(,24,2,VARIABLE
<ksticket:0x10053b310,24,1,VARIABLE
productid,24,2,VARIABLE
version,24,2,VARIABLE
xc,24,2,VARIABLE
<kspathexistencechecker:0x10053ac30,24,1,VARIABLE
/users/xpc/library/google/googlesoftwareupdate/googlesoftwareupdate.bundle>,24,1,VARIABLE
https://<*>/service/update2,24,2,VARIABLE
creationdate,24,2,VARIABLE
2017-02-18,24,2,VARIABLE
15:41:17,24,1,VARIABLE
ticketversion,24,2,VARIABLE
)},24,2,VARIABLE
server:,24,2,VARIABLE
<ksomahaserver:0x100248090,24,1,VARIABLE
<ksupdateengine:0x1007249c0>,24,1,VARIABLE
[20:55:46.310],25,1,VARIABLE
fa||url||taskid[2019353376],24,1,VARIABLE
[21:03:03.265],25,1,VARIABLE
[21:07:43.005],25,1,VARIABLE
status:,16,8,STATIC
off,16,8,STATIC
[21:27:07.761],25,1,VARIABLE
21502,15,1,VARIABLE
21503,15,1,VARIABLE
"[2017-07-03_21,30,41.859869]-ccioreporter-002.xml,",23,1,VARIABLE
"path:/var/log/corecapture/<*>/onestats//[2017-07-03_21,30,41.859869]-ccioreporter-002.xml,",23,1,VARIABLE
"path:/library/logs/crashreporter/corecapture/<*>/[2017-07-03_21,30,40.703152]",23,1,VARIABLE
"authfail:sts:5_rsn:0/onestats//[2017-07-03_21,30,41.859869]-ccioreporter-002.xml",23,1,VARIABLE
tc21519,12,1,VARIABLE
<*>:443,12,2,VARIABLE
<*>(33959),4,1,VARIABLE
[21:41:47.568],25,1,VARIABLE
"320,",14,2,VARIABLE
520841203.7,14,1,VARIABLE
fa||url||taskid[2019353410],24,1,VARIABLE
[23:24:32.378],25,1,VARIABLE
697702.656868:,20,1,VARIABLE
2210,15,1,VARIABLE
tcp_connection_tls_session_handle_read_error.790,15,1,VARIABLE
60,15,1,VARIABLE
6349,0,1,VARIABLE
6306,0,1,VARIABLE
697853.842104:,5,1,VARIABLE
5533,0,1,VARIABLE
44944,0,1,VARIABLE
9749,0,1,VARIABLE
checking,17,1,VARIABLE
icdp,17,1,VARIABLE
status,17,1,VARIABLE
for,17,5,STATIC
dsid,17,1,VARIABLE
874161398,17,1,VARIABLE
(checkwithserver,17,1,VARIABLE
0),17,1,VARIABLE
1883,0,1,VARIABLE
698052.637142:,20,1,VARIABLE
698055.177765:,5,1,VARIABLE
207556,0,1,VARIABLE
698150.103985:,12,1,VARIABLE
698152.085457:,20,1,VARIABLE
698152.618948:,5,1,VARIABLE
206850,0,1,VARIABLE
206840,0,1,VARIABLE
39837,0,1,VARIABLE
38276,0,1,VARIABLE
698348.781411:,12,1,VARIABLE
2607:f140:400:a01b:1c57:7ef3:8f8e:5a10,12,1,VARIABLE
3199,0,1,VARIABLE
698398.428268:,12,1,VARIABLE
1728,0,2,VARIABLE
1732,0,1,VARIABLE
698501.213099:,20,1,VARIABLE
34623,0,1,VARIABLE
698596.169927:,12,1,VARIABLE
<*>(34268),4,1,VARIABLE
1999,14,3,VARIABLE
31785,0,1,VARIABLE
<*>(34309),4,1,VARIABLE
698894.284410:,12,1,VARIABLE
698896.274509:,20,1,VARIABLE
698896.831598:,5,1,VARIABLE
698898.741521:,20,1,VARIABLE
29590,0,1,VARIABLE
<*>(34326),4,1,VARIABLE
28123,0,1,VARIABLE
1077,0,1,VARIABLE
192946,0,1,VARIABLE
699244.827573:,12,1,VARIABLE
"2935131210,",12,1,VARIABLE
"3049709979,",12,1,VARIABLE
699246.920246:,20,1,VARIABLE
699300.508954:,12,1,VARIABLE
23884,0,1,VARIABLE
190238,0,1,VARIABLE
23852,0,1,VARIABLE
699352.804212:,12,1,VARIABLE
"2794574676,",12,1,VARIABLE
"1746081928,",12,1,VARIABLE
189428,0,1,VARIABLE
1852,0,1,VARIABLE
1847,0,1,VARIABLE
699408.252331:,20,1,VARIABLE
v6(en0-:2607:f140:6000:8:c6b3:1ff:fecd:467f),26,2,VARIABLE
<*>(34429),4,1,VARIABLE
699456.025397:,12,1,VARIABLE
"63572,",12,1,VARIABLE
21875,15,1,VARIABLE
215,0,2,VARIABLE
6,0,1,VARIABLE
187547,0,1,VARIABLE
165,28,2,VARIABLE
186599,0,1,VARIABLE
520871064.1,14,1,VARIABLE
5c:50:15:4c:18:13,29,5,STATIC
185770,0,1,VARIABLE
9995,0,1,VARIABLE
699815.080622:,12,1,VARIABLE
699878.306468:,5,1,VARIABLE
183327,0,2,VARIABLE
699925.384446:,12,1,VARIABLE
"4253304142,",12,1,VARIABLE
"3255241453,",12,1,VARIABLE
182511,0,1,VARIABLE
21983,15,1,VARIABLE
181657,0,1,VARIABLE
5144,0,1,VARIABLE
21993,15,1,VARIABLE
fa||url||taskid[2019353444],24,1,VARIABLE
138,0,1,VARIABLE
12051,0,1,VARIABLE
2017-07-04,24,2,VARIABLE
09:42:57.924,24,1,VARIABLE
googlesoftwareupdateagent[34603/0x700000323000],24,1,VARIABLE
+[kscodesigningverification,24,1,VARIABLE
verifybundle:applicationid:error:],24,1,VARIABLE
kscodesigningverification,24,1,VARIABLE
verifying,24,1,VARIABLE
code,24,2,VARIABLE
signing,24,1,VARIABLE
'/users/xpc/library/google/googlesoftwareupdate/googlesoftwareupdate.bundle/contents/macos/googlesoftwareupdatedaemon',24,1,VARIABLE
requirement,24,1,VARIABLE
'anchor,24,1,VARIABLE
apple,24,1,VARIABLE
generic,24,1,VARIABLE
and,24,4,VARIABLE
certificate,24,3,VARIABLE
1[<*>],24,1,VARIABLE
exists,24,2,VARIABLE
leaf[<*>],24,1,VARIABLE
leaf[subject.ou],24,1,VARIABLE
"""eqhxz8m8av""",24,1,VARIABLE
(identifier,24,1,VARIABLE
"""<*>"")'",24,1,VARIABLE
2017-07-04,1,1,VARIABLE
09:42:58.121,1,1,VARIABLE
ksfetch[34604/0x7fff79824000],1,1,VARIABLE
main(),1,1,VARIABLE
ksfetch,1,1,VARIABLE
done,1,1,VARIABLE
fetching.,1,1,VARIABLE
700254.389213:,12,1,VARIABLE
"2502126767,",12,1,VARIABLE
"2906384231,",12,1,VARIABLE
700256.949512:,5,1,VARIABLE
700311.376442:,12,1,VARIABLE
700311.376459:,12,1,VARIABLE
11173,0,1,VARIABLE
v4(en0!:<*>),26,1,VARIABLE
dns+,26,1,VARIABLE
proxy+,26,1,VARIABLE
1737,0,1,VARIABLE
-[soapparser:0x7f82b1f24e50,27,1,VARIABLE
parser:didstartelement:namespaceuri:qualifiedname:attributes:],27,4,STATIC
type,27,4,STATIC
not,27,4,STATIC
found,27,4,STATIC
in,27,4,STATIC
ewsitemtype,27,4,STATIC
for,27,4,STATIC
exchangepersonidguid,27,4,STATIC
(t:exchangepersonidguid),27,4,STATIC
[10:13:05.044],24,1,VARIABLE
10319,0,1,VARIABLE
43063,0,1,VARIABLE
8416,0,1,VARIABLE
8500,0,1,VARIABLE
<*>(34685),4,1,VARIABLE
700626.024536:,12,1,VARIABLE
7615,0,1,VARIABLE
1609,0,1,VARIABLE
700687.112611:,20,1,VARIABLE
[11:10:58.940],25,1,VARIABLE
5970,0,1,VARIABLE
172284,0,1,VARIABLE
"1499192921.020010,",8,1,VARIABLE
assocfail:sts:5_rsn:0,8,1,VARIABLE
5688,0,1,VARIABLE
"[2017-07-04_11,29,09.994819]-ccioreporter-005.xml,",23,1,VARIABLE
"[2017-07-04_11,29,09.994819]-ccioreporter-005.xml",23,1,VARIABLE
"[2017-07-04_11,29,10.144779]-airportbrcm4360_logs-008.txt,",23,1,VARIABLE
"[2017-07-04_11,29,10.144779]-airportbrcm4360_logs-008.txt",23,1,VARIABLE
700863.801551:,12,1,VARIABLE
<*>(34738),4,1,VARIABLE
700919.494551:,12,1,VARIABLE
1878,0,1,VARIABLE
170391,0,1,VARIABLE
700980.255260:,12,1,VARIABLE
"2955519239,",12,1,VARIABLE
"2597833420,",12,1,VARIABLE
io80211awdlpeermanager,8,2,VARIABLE
<*>(34830),4,2,VARIABLE
[12:08:23.866],25,1,VARIABLE
[12:13:40.079],25,1,VARIABLE
[12:19:03.575],25,1,VARIABLE
extension,1,1,VARIABLE
->,1,1,VARIABLE
(null),1,1,VARIABLE
[12:25:26.551],25,1,VARIABLE
702237.246510:,12,1,VARIABLE
"49218,",12,1,VARIABLE
"1499196895.670989,",8,1,VARIABLE
168082,0,1,VARIABLE
-[soapparser:0x7fc7025b2810,27,1,VARIABLE
702351.279867:,12,1,VARIABLE
177,0,1,VARIABLE
1769,0,1,VARIABLE
702415.308381:,5,1,VARIABLE
[13:43:06.901],25,1,VARIABLE
[accounts],16,4,VARIABLE
current,16,2,VARIABLE
"connection,",16,2,VARIABLE
0x7fda74805bf0>,16,1,VARIABLE
"487,",16,1,VARIABLE
doesn't,16,2,VARIABLE
have,16,2,VARIABLE
access.,16,2,VARIABLE
update,16,2,VARIABLE
identifier,16,3,VARIABLE
"76fe6715-3d27-4f21-aa35-c88c1ea820e8,",16,2,VARIABLE
error:,16,2,VARIABLE
abaddressbookerrordomain,16,2,VARIABLE
1002,16,2,VARIABLE
"""(null)""",16,2,VARIABLE
[14:19:40.459],25,1,VARIABLE
[14:33:25.556],25,1,VARIABLE
session,1,1,VARIABLE
101921,1,1,VARIABLE
created,1,1,VARIABLE
[14:36:08.077],25,1,VARIABLE
[14:39:45.538],25,1,VARIABLE
[14:43:39.854],25,1,VARIABLE
15:03:53.270,24,1,VARIABLE
googlesoftwareupdateagent[35018/0x7000002a0000],24,1,VARIABLE
helperdidterminate:],24,3,VARIABLE
fetch,24,5,STATIC
ended,24,3,VARIABLE
"""https://<*>/service/update2?cup2hreq",24,6,STATIC
a70d6372a4e45a6cbba61cd7f057c79bf73c79db1b1951dc17c605e870f0419b&cup2key,24,1,VARIABLE
"7:934679018""",24,1,VARIABLE
"300,",14,2,VARIABLE
520899307.1,14,1,VARIABLE
0x7f995060af50>.,18,1,VARIABLE
0x7f9950411670>.,18,1,VARIABLE
[15:47:25.614],25,1,VARIABLE
<*>(35110),4,2,VARIABLE
711599.232230:,20,1,VARIABLE
4045,0,1,VARIABLE
kern_open_file_for_direct_io,14,1,VARIABLE
6,14,2,VARIABLE
151433,0,1,VARIABLE
3226,0,1,VARIABLE
17:13:03.545,20,1,VARIABLE
711749.913729:,20,1,VARIABLE
711752.511718:,20,1,VARIABLE
17:26:44.228,14,1,VARIABLE
<*>(35150),4,1,VARIABLE
711979.641310:,12,1,VARIABLE
40,0,2,VARIABLE
712221.085635:,12,1,VARIABLE
"70582765,",12,1,VARIABLE
"3488103719,",12,1,VARIABLE
358,12,1,VARIABLE
42431,0,1,VARIABLE
18:35:05.187,14,1,VARIABLE
0xe0000320,7,1,VARIABLE
712526.783763:,12,1,VARIABLE
712530.297675:,5,1,VARIABLE
cgxdisplaydidwakenotification,25,3,STATIC
[712572581805245]:,25,1,VARIABLE
posting,25,3,STATIC
kcgsdisplaydidwake,25,3,STATIC
712604.204993:,12,1,VARIABLE
peripheral,17,3,VARIABLE
manager,17,3,VARIABLE
powered,17,3,VARIABLE
on,17,6,STATIC
<*>(35229),4,1,VARIABLE
1867,0,1,VARIABLE
36678,0,1,VARIABLE
<*>(35250),4,1,VARIABLE
139865,0,1,VARIABLE
712915.870808:,12,1,VARIABLE
712918.575461:,20,1,VARIABLE
712921.782306:,5,1,VARIABLE
139095,0,1,VARIABLE
35003,0,1,VARIABLE
139057,0,1,VARIABLE
2017-07-05,17,1,VARIABLE
03:51:50,17,1,VARIABLE
712997.981881:,20,1,VARIABLE
20:54:03.455,14,1,VARIABLE
138144,0,1,VARIABLE
tc22491,12,1,VARIABLE
<*>:8080,12,2,VARIABLE
<*>(35286),4,1,VARIABLE
132,0,1,VARIABLE
21:07:16.729,14,1,VARIABLE
135670,0,1,VARIABLE
713439.104232:,20,1,VARIABLE
713439.104255:,20,1,VARIABLE
713493.575563:,12,1,VARIABLE
1843,0,1,VARIABLE
22:29:26.099,14,1,VARIABLE
978,0,1,VARIABLE
1,26,1,VARIABLE
113,14,1,VARIABLE
"(24144,",14,1,VARIABLE
wechat),14,1,VARIABLE
"0x7fa824145a00(2000)[0,",17,1,VARIABLE
"0x7fa825dafc00(2001),",17,1,VARIABLE
fa||url||taskid[2019353517],24,1,VARIABLE
cocoa,2,71,STATIC
scripting,2,71,STATIC
error,2,71,STATIC
for,2,71,STATIC
'0x00660011':,2,1,VARIABLE
four,2,142,STATIC
character,2,71,STATIC
codes,2,71,STATIC
must,2,71,STATIC
be,2,71,STATIC
characters,2,71,STATIC
long.,2,71,STATIC
'0x0067000f':,2,1,VARIABLE
'0x00670033':,2,1,VARIABLE
'0x03600009':,2,1,VARIABLE
'0x0360001f':,2,1,VARIABLE
'0x03f20026':,2,1,VARIABLE
'0x009a0005':,2,1,VARIABLE
'0x00990013':,2,1,VARIABLE
'0x00690003':,2,1,VARIABLE
'0x006a0061':,2,1,VARIABLE
'0x006a00a6':,2,1,VARIABLE
'0x006a00a7':,2,1,VARIABLE
'0x006a00b2':,2,1,VARIABLE
'0x006d0002':,2,1,VARIABLE
'0x00b20001':,2,1,VARIABLE
'0x03ef000d':,2,1,VARIABLE
'0x00b8fffe':,2,1,VARIABLE
'0x00bb0001':,2,1,VARIABLE
'0x00bc0007':,2,1,VARIABLE
'0x00c1000a':,2,1,VARIABLE
'0x00c40027':,2,1,VARIABLE
'0x00c5000c':,2,1,VARIABLE
'0x00e80002':,2,1,VARIABLE
'0x03eb0001':,2,1,VARIABLE
'0x006f0001':,2,1,VARIABLE
'0x00730020':,2,1,VARIABLE
'0x007c000c':,2,1,VARIABLE
'0x007c0018':,2,1,VARIABLE
'0x007d000e':,2,1,VARIABLE
'0x008b036a':,2,1,VARIABLE
'0x008b6fb5':,2,1,VARIABLE
'0x008b0360':,2,1,VARIABLE
'0x008bdeaa':,2,1,VARIABLE
'0x008bdeb0':,2,1,VARIABLE
'0x01f60001':,2,1,VARIABLE
'0x01f90004':,2,1,VARIABLE
'0x02080000':,2,1,VARIABLE
'0x02100004':,2,1,VARIABLE
'0x02120000':,2,1,VARIABLE
'0x02120002':,2,1,VARIABLE
'0x023b0003':,2,1,VARIABLE
'0x023d0001':,2,1,VARIABLE
'0x02410003':,2,1,VARIABLE
'0x02420002':,2,1,VARIABLE
'0x02420006':,2,1,VARIABLE
'0x02470032':,2,1,VARIABLE
'0x02470045':,2,1,VARIABLE
'0x0247ffe9':,2,1,VARIABLE
'0x0249002a':,2,1,VARIABLE
'0x024a00b2':,2,1,VARIABLE
'0x025c0009':,2,1,VARIABLE
'0x0261fffd':,2,1,VARIABLE
'0x02640011':,2,1,VARIABLE
'0x0268000a':,2,1,VARIABLE
'0x02720002':,2,1,VARIABLE
'0x02740004':,2,1,VARIABLE
'0x02cc0000':,2,1,VARIABLE
'0x02d10001':,2,1,VARIABLE
'0x02770011':,2,1,VARIABLE
'0x02780026':,2,1,VARIABLE
'0x027b0006':,2,1,VARIABLE
'0x027e0001':,2,1,VARIABLE
'0x02801000':,2,1,VARIABLE
'0x02950006':,2,1,VARIABLE
'0x0295001d':,2,1,VARIABLE
'0x029f0014':,2,1,VARIABLE
'0x029f003a':,2,1,VARIABLE
'0x02a60001':,2,1,VARIABLE
'0x02b60001':,2,1,VARIABLE
'0x02b70006':,2,1,VARIABLE
'0x02cb000d':,2,1,VARIABLE
.sdef,24,1,VARIABLE
warning,24,1,VARIABLE
argument,24,1,VARIABLE
'',24,1,VARIABLE
command,24,1,VARIABLE
'can,24,1,VARIABLE
continue,24,1,VARIABLE
previous,24,1,VARIABLE
list',24,1,VARIABLE
suite,24,1,VARIABLE
'microsoft,24,1,VARIABLE
word,24,1,VARIABLE
suite':,24,1,VARIABLE
'4023',24,1,VARIABLE
is,24,2,VARIABLE
a,24,2,VARIABLE
valid,24,1,VARIABLE
name.,24,1,VARIABLE
fa||url||taskid[2019353519],24,1,VARIABLE
objc[35391]:,25,1,VARIABLE
class,25,2,VARIABLE
tsuatomiclrucache,25,1,VARIABLE
is,25,6,STATIC
implemented,25,2,VARIABLE
both,25,2,VARIABLE
/library/quicklook/iwork.qlgenerator/contents/macos/iwork,25,2,VARIABLE
and,25,2,VARIABLE
/system/library/privateframeworks/officeimport.framework/versions/a/officeimport.,25,2,VARIABLE
one,25,4,STATIC
of,25,2,VARIABLE
the,25,8,STATIC
two,25,2,VARIABLE
will,25,5,STATIC
be,25,2,VARIABLE
used.,25,2,VARIABLE
which,25,2,VARIABLE
undefined.,25,2,VARIABLE
invalidating,14,1,VARIABLE
watch,14,1,VARIABLE
set.,14,1,VARIABLE
objc[35448]:,25,1,VARIABLE
tsucustomformatdata,25,1,VARIABLE
00:03:06.178,14,1,VARIABLE
00:03:36.715,14,1,VARIABLE
21335,1,1,VARIABLE
5481561,1,1,VARIABLE
0.501237,1,1,VARIABLE
16,1,1,VARIABLE
0x80076ed,19,1,VARIABLE
-_continuousscroll,25,1,VARIABLE
deprecated,25,2,VARIABLE
for,25,2,VARIABLE
nsscrollwheel.,25,2,VARIABLE
please,25,2,VARIABLE
use,25,2,VARIABLE
-hasprecisescrollingdeltas.,25,1,VARIABLE
-devicedeltay,25,1,VARIABLE
-scrollingdeltay.,25,1,VARIABLE
[00:28:42.167],1,1,VARIABLE
(fig),1,1,VARIABLE
signalled,1,1,VARIABLE
err,1,1,VARIABLE
-12871,1,1,VARIABLE
[00:29:04.085],24,1,VARIABLE
crabswaitforload:,24,1,VARIABLE
[0x7fbc7ac683a0],24,1,VARIABLE
wait,24,1,VARIABLE
time,24,1,VARIABLE
out,24,2,VARIABLE
-,24,1,VARIABLE
-1001,24,1,VARIABLE
(msrequesttimeout,24,1,VARIABLE
-1),24,1,VARIABLE
22710,15,1,VARIABLE
0x7fb7ed616c80,16,1,VARIABLE
"https://<*>/clls/wloc,",16,8,STATIC
2,26,2,VARIABLE
"284,",14,1,VARIABLE
520934130.6,14,1,VARIABLE
failed,14,1,VARIABLE
stop,14,1,VARIABLE
a,14,1,VARIABLE
scan,14,1,VARIABLE
on:,14,1,VARIABLE
4,14,1,VARIABLE
"0x7fa82407ea00(2000),",17,1,VARIABLE
0x7fa82435f400(2001),17,1,VARIABLE
720406.265686:,20,1,VARIABLE
720413.304306:,12,1,VARIABLE
<*>(35762),4,1,VARIABLE
720580.338311:,20,1,VARIABLE
<*>(35773),4,1,VARIABLE
1988,14,1,VARIABLE
ec.sleeptimer,20,1,VARIABLE
(sleeptimer),20,1,VARIABLE
[broadcombluetoothhostcontrollerusbtransport][start],17,3,VARIABLE
completed,17,5,STATIC
(matched,17,3,VARIABLE
device),17,3,VARIABLE
0x6000,17,1,VARIABLE
hibernate_newruntime_map,14,2,VARIABLE
"iopolledfilepollersopen(),",14,2,VARIABLE
ml_get_interrupts_enabled,14,2,VARIABLE
451550,14,1,VARIABLE
"4886d9d9,",14,1,VARIABLE
799,14,1,VARIABLE
40017920,14,1,VARIABLE
27,14,1,VARIABLE
1412,14,1,VARIABLE
160550912,14,1,VARIABLE
39,14,1,VARIABLE
3904,14,1,VARIABLE
vm_compressor_fastwake_warmup,14,2,VARIABLE
(581519,14,1,VARIABLE
591525),14,1,VARIABLE
starting,14,1,VARIABLE
updating,17,2,VARIABLE
(topics:,17,2,VARIABLE
(,17,3,VARIABLE
"""<*>"",",17,15,STATIC
"""<*>""",17,1,VARIABLE
)),17,2,VARIABLE
2017-07-05,24,4,VARIABLE
10:52:15.982,24,1,VARIABLE
googlesoftwareupdateagent[35861/0x700000323000],24,2,VARIABLE
d297a7e5b56d6bd4faa75860fff6e485c301bf4e943a561afff6c8b3707ce948&cup2key,24,1,VARIABLE
"7:2988503627""",24,1,VARIABLE
10:52:16.779,24,1,VARIABLE
ksfetch[35863/0x7fff79824000],24,1,VARIABLE
fetcher,24,2,VARIABLE
received,24,1,VARIABLE
request:,24,1,VARIABLE
<nsmutableurlrequest:,24,1,VARIABLE
0x100501610>,24,1,VARIABLE
a7873a51b1cb55518e420d20dff47d463781ed3f7aa83c3153129eefb148070b&cup2key,24,1,VARIABLE
7:2501762722,24,1,VARIABLE
},24,2,VARIABLE
10:52:16.977,24,1,VARIABLE
-[ksprefetchaction,24,1,VARIABLE
ksprefetchaction,24,1,VARIABLE
prefetch.,24,1,VARIABLE
2017/07/05,1,1,VARIABLE
10:57:01.130,1,1,VARIABLE
1742124257.,1,2,VARIABLE
0x7fdcc9d16380>:,17,4,VARIABLE
observer:,17,1,VARIABLE
<*>,17,1,VARIABLE
notification:,17,1,VARIABLE
__cfnotification,17,1,VARIABLE
0x7fdcc9d19110,17,1,VARIABLE
{name,17,1,VARIABLE
_nsdonotdisturbenablednotification},17,1,VARIABLE
"[2017-07-05_11,01,55.983179]-airportbrcm4360_logs-006.txt,",23,1,VARIABLE
"[2017-07-05_11,01,55.983179]-airportbrcm4360_logs-006.txt",23,1,VARIABLE
ccprofilemonitor::freeresources,8,1,VARIABLE
done,8,1,VARIABLE
"[2017-07-05_11,39,39.743225]-ccioreporter-001.xml,",23,1,VARIABLE
"path:/var/log/corecapture/<*>/onestats//[2017-07-05_11,39,39.743225]-ccioreporter-001.xml,",23,1,VARIABLE
"path:/library/logs/crashreporter/corecapture/<*>/[2017-07-05_11,39,38.739976]",23,1,VARIABLE
"authfail:sts:5_rsn:0/onestats//[2017-07-05_11,39,39.743225]-ccioreporter-001.xml",23,1,VARIABLE
44073,15,1,VARIABLE
<*>:143@0,15,1,VARIABLE
0x7ff1b2d17980>:,17,4,VARIABLE
nc,17,5,STATIC
disabled:,17,5,STATIC
no,17,8,STATIC
[723587602857832]:,25,1,VARIABLE
tc22930,12,1,VARIABLE
88:75:56:a0:95:ed,29,3,STATIC
724509.898718:,12,1,VARIABLE
daemon,15,1,VARIABLE
connection,15,3,VARIABLE
invalidated!,15,1,VARIABLE
"1499288625.645942,",8,1,VARIABLE
"1499288652.126295,",8,1,VARIABLE
"[2017-07-05_14,04,19.163834]-airportbrcm4360_logs-025.txt,",23,1,VARIABLE
"path:/var/log/corecapture/<*>/driverlogs//[2017-07-05_14,04,19.163834]-airportbrcm4360_logs-025.txt,",23,1,VARIABLE
"path:/library/logs/crashreporter/corecapture/<*>/[2017-07-05_14,04,19.222771]",23,1,VARIABLE
"authfail:sts:5_rsn:0/driverlogs//[2017-07-05_14,04,19.163834]-airportbrcm4360_logs-025.txt",23,1,VARIABLE
724786.252727:,1,1,VARIABLE
"1499288659.752738,",8,1,VARIABLE
"[2017-07-05_14,04,25.118445]-airportbrcm4360_logs-040.txt,",23,1,VARIABLE
"[2017-07-05_14,04,25.118445]-airportbrcm4360_logs-040.txt",23,1,VARIABLE
"[2017-07-05_14,04,25.705173]-ccioreporter-044.xml,",23,1,VARIABLE
"path:/var/log/corecapture/<*>/onestats//[2017-07-05_14,04,25.705173]-ccioreporter-044.xml,",23,1,VARIABLE
"path:/library/logs/crashreporter/corecapture/<*>/[2017-07-05_14,04,25.777317]",23,1,VARIABLE
"authfail:sts:5_rsn:0/onestats//[2017-07-05_14,04,25.705173]-ccioreporter-044.xml",23,1,VARIABLE
"/library/logs/crashreporter/corecapture/ioreporters/[2017-07-05_14,04,24.831957]",8,1,VARIABLE
assocfail:sts:5_rsn:0.xml,8,1,VARIABLE
"1499288667.823332,",8,1,VARIABLE
"1499288667.956536,",8,1,VARIABLE
"[2017-07-05_14,04,32.840703]-io80211family-056.pcapng,",23,1,VARIABLE
"path:/var/log/corecapture/<*>/io80211awdlpeermanager//[2017-07-05_14,04,32.840703]-io80211family-056.pcapng,",23,1,VARIABLE
"path:/library/logs/crashreporter/corecapture/<*>/[2017-07-05_14,04,32.969558]",23,1,VARIABLE
"authfail:sts:5_rsn:0/io80211awdlpeermanager//[2017-07-05_14,04,32.840703]-io80211family-056.pcapng",23,1,VARIABLE
"1499288672.969558,",8,1,VARIABLE
"[2017-07-05_14,04,33.660387]-io80211family-063.pcapng,",23,1,VARIABLE
"path:/var/log/corecapture/<*>/io80211awdlpeermanager//[2017-07-05_14,04,33.660387]-io80211family-063.pcapng,",23,1,VARIABLE
"path:/library/logs/crashreporter/corecapture/<*>/[2017-07-05_14,04,33.736169]",23,1,VARIABLE
"authfail:sts:5_rsn:0/io80211awdlpeermanager//[2017-07-05_14,04,33.660387]-io80211family-063.pcapng",23,1,VARIABLE
v4(en0+:<*>),26,3,STATIC
724869.297011:,20,1,VARIABLE
"4551,",20,1,VARIABLE
iohibernatepolleropen(0),14,2,VARIABLE
hibernate_machine_init:,14,1,VARIABLE
"2,",14,1,VARIABLE
"446175,",14,1,VARIABLE
sum,14,1,VARIABLE
was,14,1,VARIABLE
"d4e6c0b2,",14,1,VARIABLE
imagesize,14,1,VARIABLE
"0x2aea6000,",14,1,VARIABLE
image1size,14,1,VARIABLE
"0x215a4000,",14,1,VARIABLE
conflictcount,14,1,VARIABLE
"5848,",14,1,VARIABLE
nextfree,14,1,VARIABLE
5887,14,1,VARIABLE
hibernate_rebuild,14,2,VARIABLE
completed,14,3,VARIABLE
10042450943433,14,1,VARIABLE
msecs,14,2,VARIABLE
appleactuatordevice::stop,17,1,VARIABLE
appleactuatordevice::start,17,1,VARIABLE
725147.528572:,20,1,VARIABLE
488653,14,1,VARIABLE
bitmap_size,1,2,VARIABLE
"0x7f0fc,",1,2,VARIABLE
previewsize,1,2,VARIABLE
"0x4028,",1,2,VARIABLE
writing,1,2,VARIABLE
488299,1,1,VARIABLE
0x97144,1,2,VARIABLE
725209.960568:,1,1,VARIABLE
"[2017-07-05_16,05,05.078442]-io80211family-008.pcapng,",23,1,VARIABLE
"[2017-07-05_16,05,05.078442]-io80211family-008.pcapng",23,1,VARIABLE
725218.810934:,20,1,VARIABLE
"1499295963.492254,",8,1,VARIABLE
roamfail:sts:1_rsn:1,8,1,VARIABLE
0),26,2,VARIABLE
manual,28,1,VARIABLE
intervention,28,1,VARIABLE
required!,28,1,VARIABLE
db,14,4,VARIABLE
error:,14,4,VARIABLE
"""no",14,3,VARIABLE
such,14,3,VARIABLE
table:,14,3,VARIABLE
"tb_c2cmsg_2658655094""",14,2,VARIABLE
16:18:06.450,24,1,VARIABLE
googlesoftwareupdateagent[36128/0x7000002a0000],24,1,VARIABLE
-[ksoutofprocessfetcher,24,3,VARIABLE
beginfetchwithdelegate:],24,3,VARIABLE
from,24,6,STATIC
ac844e04cbb398fcef4cf81b4ffc44a3ebc863e89d19c0b5d39d02d78d26675b&cup2key,24,1,VARIABLE
"7:677488741""",24,1,VARIABLE
520989480.3,14,1,VARIABLE
"1499297069.333005,",8,1,VARIABLE
725996.598754:,1,1,VARIABLE
725996.811165:,1,1,VARIABLE
"/library/logs/crashreporter/corecapture/ioreporters/[2017-07-05_16,24,29.663045]",8,1,VARIABLE
"0x7fa82502bc00(2000)[0,",17,1,VARIABLE
0],17,1,VARIABLE
"0x7fa823930c00(2001),",17,1,VARIABLE
728046.456828:,12,1,VARIABLE
728173.580097:,12,1,VARIABLE
728173.580149:,12,1,VARIABLE
<*>(36227),4,1,VARIABLE
[17:22:36.133],24,1,VARIABLE
"""<*>""",4,2,VARIABLE
0x7fe13530fc60,16,1,VARIABLE
00:a2:ee:1a:71:8c,29,1,VARIABLE
arp_client_transmit(en0),15,1,VARIABLE
"failed,",15,2,VARIABLE
(50),15,1,VARIABLE
-[netclientconnection,12,5,VARIABLE
evaluatecrazyivan46],12,5,VARIABLE
perform,12,5,VARIABLE
crazyivan46!,12,5,VARIABLE
tc23407,12,1,VARIABLE
23411,15,1,VARIABLE
[0705/190016:warning:dns_config_service_posix.cc(306)],26,1,VARIABLE
-[netclientconnection,17,4,VARIABLE
effectivebundleid],17,4,VARIABLE
using,17,4,VARIABLE
process,17,4,VARIABLE
name,17,4,VARIABLE
calendaragent,17,4,VARIABLE
as,17,4,VARIABLE
bundle,17,8,STATIC
id,17,8,STATIC
(this,17,4,VARIABLE
expected,17,4,VARIABLE
daemons,17,4,VARIABLE
without,17,4,VARIABLE
"[2017-07-05_19,00,43.154864]-ccioreporter-007.xml,",23,1,VARIABLE
"[2017-07-05_19,00,43.154864]-ccioreporter-007.xml",23,1,VARIABLE
728563.210777:,20,1,VARIABLE
"3174,",20,1,VARIABLE
728620.515604:,12,1,VARIABLE
<*>(36325),4,1,VARIABLE
could,14,2,VARIABLE
discard,14,3,VARIABLE
242131,14,1,VARIABLE
107014,14,1,VARIABLE
purgeable,14,3,VARIABLE
254830,14,1,VARIABLE
128285,14,1,VARIABLE
cleaned,14,3,VARIABLE
booter,14,1,VARIABLE
start,14,2,VARIABLE
at,14,1,VARIABLE
1251,14,1,VARIABLE
smc,14,1,VARIABLE
"[18,",14,1,VARIABLE
0],14,1,VARIABLE
total,14,1,VARIABLE
367,14,1,VARIABLE
dsply,14,1,VARIABLE
tramp,14,1,VARIABLE
1080,14,1,VARIABLE
hostcontrolleronline,17,1,VARIABLE
number,17,1,VARIABLE
paired,17,2,VARIABLE
devices,17,2,VARIABLE
"1,",17,1,VARIABLE
list,17,1,VARIABLE
"""84-41-67-32-db-e1""",17,1,VARIABLE
),17,1,VARIABLE
<*>(36332),4,1,VARIABLE
2017-07-06,17,4,VARIABLE
03:44:24,17,1,VARIABLE
"1401204,",1,1,VARIABLE
"544128,",1,1,VARIABLE
"416065,",1,1,VARIABLE
"25,",1,1,VARIABLE
"266324,",1,1,VARIABLE
74490,14,1,VARIABLE
9782,14,1,VARIABLE
34145,14,1,VARIABLE
56242,14,1,VARIABLE
485676,1,1,VARIABLE
[broadcombluetoothhostcontroller][setupcontroller],17,1,VARIABLE
delay,17,1,VARIABLE
hci,17,1,VARIABLE
reset,17,1,VARIABLE
by,17,1,VARIABLE
300ms,17,1,VARIABLE
fa||url||taskid[2019353593],24,1,VARIABLE
stop,17,2,VARIABLE
[iobluetoothhostcontrollerusbtransport][start],17,2,VARIABLE
result,17,2,VARIABLE
true,17,2,VARIABLE
0xb000,17,1,VARIABLE
appleactuatordeviceuserclient::start,17,1,VARIABLE
729188.852474:,1,1,VARIABLE
"299,",14,1,VARIABLE
521006902.2,14,1,VARIABLE
2017-07-06,24,7,STATIC
00:30:37.064,24,1,VARIABLE
ksfetch[36439/0x7fff79824000],24,1,VARIABLE
exiting.,24,1,VARIABLE
00:30:37.071,24,1,VARIABLE
googlesoftwareupdateagent[36436/0x7000002a0000],24,1,VARIABLE
[0706/011106:warning:dns_config_service_posix.cc(306)],26,1,VARIABLE
[01:11:06.715],25,1,VARIABLE
google,1,1,VARIABLE
chrome,1,1,VARIABLE
he[36456],1,1,VARIABLE
triggered,1,1,VARIABLE
unnest,1,1,VARIABLE
range,1,1,VARIABLE
0x7fff93c00000->0x7fff93e00000,1,1,VARIABLE
dyld,1,1,VARIABLE
shared,1,1,VARIABLE
region,1,1,VARIABLE
vm,1,1,VARIABLE
map,1,1,VARIABLE
0x77c9114550458e7b.,1,1,VARIABLE
while,1,1,VARIABLE
not,1,1,VARIABLE
abnormal,1,1,VARIABLE
for,1,1,VARIABLE
"debuggers,",1,1,VARIABLE
this,1,1,VARIABLE
increases,1,1,VARIABLE
system,1,1,VARIABLE
memory,1,1,VARIABLE
footprint,1,1,VARIABLE
until,1,1,VARIABLE
target,1,1,VARIABLE
exits.,1,1,VARIABLE
<*>(36461),4,2,VARIABLE
19622,14,1,VARIABLE
23645,15,1,VARIABLE
09:32:10,17,1,VARIABLE
<*>(36491),4,1,VARIABLE
"107794,",14,1,VARIABLE
"10088,",14,1,VARIABLE
"460,",14,1,VARIABLE
"58021,",14,1,VARIABLE
"572831,",14,1,VARIABLE
tc23677,12,1,VARIABLE
hibernate_page_list_setall(preflight,14,1,VARIABLE
1),14,1,VARIABLE
603,14,1,VARIABLE
iopolledfilepollersopen(0),14,1,VARIABLE
23701,15,1,VARIABLE
hibernate_teardown,14,1,VARIABLE
discarded,14,1,VARIABLE
93932,14,1,VARIABLE
appleactuatordeviceuserclient::stop,17,1,VARIABLE
"1418325,",1,1,VARIABLE
"548641,",1,1,VARIABLE
"438090,",1,1,VARIABLE
"2,",1,1,VARIABLE
"12,",1,1,VARIABLE
"30,",1,1,VARIABLE
"254881,",1,1,VARIABLE
"/var/vm/sleepimage,",14,1,VARIABLE
"1073741824,",14,1,VARIABLE
"3,",14,1,VARIABLE
[iobluetoothhostcontroller::setconfigstate],17,1,VARIABLE
registerservice,17,1,VARIABLE
applemultitouchdevice::start,17,1,VARIABLE
0x7f8de0c0dc70,16,1,VARIABLE
unable,26,2,VARIABLE
start,26,2,VARIABLE
netbios,26,2,VARIABLE
service:,26,2,VARIABLE
"/library/logs/crashreporter/corecapture/ioreporters/[2017-07-06_08,33,08.335034]",8,1,VARIABLE
got,15,1,VARIABLE
an,15,1,VARIABLE
xpc,15,1,VARIABLE
error:,15,2,VARIABLE
invalid,15,1,VARIABLE
"302,",14,2,VARIABLE
521048292.6,14,1,VARIABLE
"291,",14,2,VARIABLE
521048893.3,14,1,VARIABLE
-[sfllistmanager(servicereplyprotocol),8,1,VARIABLE
notifychanges:tolistwithidentifier:],8,1,VARIABLE
notified,8,1,VARIABLE
of,8,1,VARIABLE
item,8,1,VARIABLE
changes,8,1,VARIABLE
to,8,4,STATIC
list,8,1,VARIABLE
with,8,2,VARIABLE
identifier,8,1,VARIABLE
<*>,8,1,VARIABLE
fa||url||taskid[2019353614],24,1,VARIABLE
09:24:14.417,24,1,VARIABLE
ksfetch[36728/0x7fff79824000],24,1,VARIABLE
0x100602220>,24,1,VARIABLE
f5e83ec64ff3fc5533a3c206134a6517e274f9e1cb53df857e15049b6e4c9f8e&cup2key,24,1,VARIABLE
7:1721929288,24,1,VARIABLE
folder:/tmp/ksoutofprocessfetcher.apwod5qmh1/download,24,1,VARIABLE
09:24:14.733,24,1,VARIABLE
googlesoftwareupdateagent[36726/0x7000002a0000],24,1,VARIABLE
-[ksmultiupdateaction,24,1,VARIABLE
kspromptaction,24,1,VARIABLE
had,24,1,VARIABLE
apply.,24,1,VARIABLE
no,20,1,VARIABLE
images,20,1,VARIABLE
willpoweroffwithimages,20,1,VARIABLE
12754,0,1,VARIABLE
chromeexistion,24,3,VARIABLE
main,24,3,VARIABLE
isundetectwithcommand,24,2,VARIABLE
after,24,1,VARIABLE
trim,24,1,VARIABLE
https://<*>/_/chrome/newtab?rlz,24,1,VARIABLE
1c5chfa_enhk732hk732&espv,24,1,VARIABLE
2&ie,24,1,VARIABLE
utf-8,24,1,VARIABLE
strsendmsg,24,1,VARIABLE
"{""websitekey"":false,""commandkey"":true,""browserkey"":true}",24,1,VARIABLE
http://<*>/item/%e8%93%9d%e9%87%87%e5%92%8c/462624?fr,24,1,VARIABLE
aladdin,24,1,VARIABLE
11:07:29.673,14,1,VARIABLE
739017.747240:,20,1,VARIABLE
"36,+1",28,2,VARIABLE
<*>(36919),4,1,VARIABLE
[<*>],8,3,VARIABLE
[adding,8,3,VARIABLE
[<caldavaccountrefreshqueueableoperation:,8,3,VARIABLE
0x7fa11d67f3b0;,8,2,VARIABLE
sequence:,8,3,VARIABLE
0>],8,3,VARIABLE
failed,8,3,VARIABLE
operations.],8,3,VARIABLE
"[2017-07-06_12,00,58.629029]-airportbrcm4360_logs-007.txt,",23,1,VARIABLE
"[2017-07-06_12,00,58.629029]-airportbrcm4360_logs-007.txt",23,1,VARIABLE
739157.867474:,12,1,VARIABLE
739163.832381:,1,1,VARIABLE
"[2017-07-06_12,03,00.133649]-ccioreporter-028.xml,",23,1,VARIABLE
"[2017-07-06_12,03,00.133649]-ccioreporter-028.xml",23,1,VARIABLE
739241.687186:,1,1,VARIABLE
"[2017-07-06_12,03,02.449748]-airportbrcm4360_logs-037.txt,",23,1,VARIABLE
"[2017-07-06_12,03,02.449748]-airportbrcm4360_logs-037.txt",23,1,VARIABLE
"1499367785.097211,",8,1,VARIABLE
tc24039,12,1,VARIABLE
[0706/120312:warning:dns_config_service_posix.cc(306)],26,1,VARIABLE
739253.582611:,12,1,VARIABLE
"1499367792.155080,",8,1,VARIABLE
"[2017-07-06_12,03,12.289973]-ccioreporter-041.xml,",23,1,VARIABLE
"[2017-07-06_12,03,12.289973]-ccioreporter-041.xml",23,1,VARIABLE
739295.354731:,5,1,VARIABLE
"#4,",5,1,VARIABLE
"f8:4f:57:3b:ea:b2,",5,1,VARIABLE
-77,5,1,VARIABLE
f8:4f:57:3b:ea:b2,29,1,VARIABLE
0x77c911454f1523ab,5,2,VARIABLE
2375,15,1,VARIABLE
739357.156234:,12,1,VARIABLE
"1852166454,",12,1,VARIABLE
"1229910694,",12,1,VARIABLE
739359.663674:,5,1,VARIABLE
739420.595498:,5,1,VARIABLE
739481.576701:,12,1,VARIABLE
739549.504820:,20,1,VARIABLE
739605.015490:,12,1,VARIABLE
2607:f140:6000:8:cc53:3e31:ccd8:11d4,12,1,VARIABLE
739668.778627:,20,1,VARIABLE
45238,15,1,VARIABLE
<*>:993@0,15,1,VARIABLE
24150,15,1,VARIABLE
"[2017-07-06_14,15,59.644892]-ccioreporter-007.xml,",23,1,VARIABLE
"[2017-07-06_14,15,59.644892]-ccioreporter-007.xml",23,1,VARIABLE
"[2017-07-06_14,15,59.726497]-io80211family-008.pcapng,",23,1,VARIABLE
"[2017-07-06_14,15,59.726497]-io80211family-008.pcapng",23,1,VARIABLE
14:16:06.179,14,1,VARIABLE
<*>(37034),4,1,VARIABLE
tried,24,3,VARIABLE
hijack,24,3,VARIABLE
endpoint,24,3,VARIABLE
owner:,24,3,VARIABLE
740034.911245:,12,1,VARIABLE
2017/7/6,20,2,VARIABLE
"21:56:47,",20,1,VARIABLE
21:44:10,20,1,VARIABLE
2017-07-06,1,1,VARIABLE
14:57:16.261,1,1,VARIABLE
ksfetch[37061/0x7fff79824000],1,1,VARIABLE
1999,1,1,VARIABLE
14:57:16.661,24,1,VARIABLE
googlesoftwareupdateagent[37059/0x7000002a0000],24,2,VARIABLE
37fbcb7ab6829be04567976e3212d7a67627aef11546f8b7013d4cffaf51f739&cup2key,24,1,VARIABLE
"7:4200177539""",24,1,VARIABLE
14:57:16.667,24,1,VARIABLE
-[ksagentapp(keystonedelegate),24,2,VARIABLE
updateenginefinishedwitherrors:],24,2,VARIABLE
keystone,24,2,VARIABLE
finished:,24,2,VARIABLE
740174.102665:,12,1,VARIABLE
740226.968934:,5,1,VARIABLE
740345.497593:,5,1,VARIABLE
0x77c911454f152b8b,5,1,VARIABLE
740352.115529:,5,1,VARIABLE
23:12:15,17,1,VARIABLE
740501.982555:,12,1,VARIABLE
740504.547655:,5,1,VARIABLE
tc24283,12,1,VARIABLE
0x77c911453a6db3ab,5,1,VARIABLE
740631.402908:,20,1,VARIABLE
"5802,",20,1,VARIABLE
17:23:43.193,14,1,VARIABLE
fa||url||taskid[2019353659],24,1,VARIABLE
521080983.6,14,1,VARIABLE
521081581.2,14,1,VARIABLE
0x7f995050b170>.,18,1,VARIABLE
<*>(9854),4,1,VARIABLE
file-read-data,4,1,VARIABLE
/private/etc/hosts,4,1,VARIABLE
fa||url||taskid[2019353666],24,1,VARIABLE
06:22:57.163367,17,1,VARIABLE
pm,17,1,VARIABLE
[airplayuiagent],17,1,VARIABLE
becominginactive:,17,1,VARIABLE
nsworkspacewillsleepnotification,17,1,VARIABLE
2017/07/06,1,1,VARIABLE
18:22:57.953,1,1,VARIABLE
7518,0,1,VARIABLE
258,0,1,VARIABLE
<*>(37204),4,1,VARIABLE
request,20,1,VARIABLE
(reason,20,2,VARIABLE
2),20,1,VARIABLE
30914,20,1,VARIABLE
ms,20,2,VARIABLE
18:37:30.916,14,1,VARIABLE
744319.484045:,12,1,VARIABLE
"1092633597,",12,1,VARIABLE
"2572586285,",12,1,VARIABLE
65594,0,1,VARIABLE
5880,0,1,VARIABLE
16680,0,1,VARIABLE
kern_open_file_for_direct_io(0),1,1,VARIABLE
15823,0,1,VARIABLE
19:17:46.405,14,1,VARIABLE
744472.877165:,5,1,VARIABLE
15002,0,1,VARIABLE
744589.508896:,12,1,VARIABLE
744593.160590:,12,1,VARIABLE
"1529267953,",12,1,VARIABLE
"4054195714,",12,1,VARIABLE
380,12,1,VARIABLE
744595.284508:,5,1,VARIABLE
524667,0,1,VARIABLE
63122,0,1,VARIABLE
524657,0,1,VARIABLE
744650.016431:,12,1,VARIABLE
2607:f140:6000:8:f882:21d2:d1af:f093,12,1,VARIABLE
2593,0,1,VARIABLE
523840,0,1,VARIABLE
62280,0,1,VARIABLE
129,14,1,VARIABLE
"(10018,",14,1,VARIABLE
qq),14,1,VARIABLE
20:03:05.179,14,1,VARIABLE
0x7fa11d73f960;,8,1,VARIABLE
fa||url||taskid[2019353677],24,1,VARIABLE
20:46:03.869,24,1,VARIABLE
googlesoftwareupdateagent[37316/0x7000002a0000],24,1,VARIABLE
start,24,2,VARIABLE
5e15fbe422c816bef7c133cfffdb516e16923579b9be2dfae4d7d8d211b25017&cup2key,24,1,VARIABLE
"7:780377214""",24,1,VARIABLE
521092126.3,14,1,VARIABLE
page,1,2,VARIABLE
bounds,1,2,VARIABLE
"{{0,",1,3,VARIABLE
"0},",1,3,VARIABLE
"{400,",1,2,VARIABLE
400}},1,2,VARIABLE
failed,17,2,VARIABLE
connect,17,2,VARIABLE
(titlefield),17,1,VARIABLE
outlet,17,2,VARIABLE
(mmsessionpickerchoosenrowview),17,1,VARIABLE
(nstextfield):,17,1,VARIABLE
missing,17,2,VARIABLE
setter,17,2,VARIABLE
or,17,2,VARIABLE
instance,17,2,VARIABLE
variable,17,2,VARIABLE
[account,24,2,VARIABLE
xpc_ben@163.com@https://<*>/caldav/principals/users/xpc_ben%40163.com/,24,1,VARIABLE
timed,24,1,VARIABLE
when,24,1,VARIABLE
executing,24,1,VARIABLE
operation:,24,1,VARIABLE
<caldavaccountrefreshqueueableoperation:,24,1,VARIABLE
0x7fa11f9f2290;,24,1,VARIABLE
sequence:,24,1,VARIABLE
0>],24,1,VARIABLE
refresh,24,1,VARIABLE
failed,24,1,VARIABLE
error:,24,1,VARIABLE
domain,24,1,VARIABLE
coredavhttpstatuserrordomain,24,1,VARIABLE
502,24,1,VARIABLE
"""(null)""",24,1,VARIABLE
userinfo,24,1,VARIABLE
{accountname,24,1,VARIABLE
"163,",24,1,VARIABLE
caldaverrfromrefresh,24,1,VARIABLE
"yes,",24,1,VARIABLE
coredavhttpheaders,24,1,VARIABLE
<cfbasichash,24,1,VARIABLE
0x7fa11fe7a810,24,1,VARIABLE
[0x7fff7abc1440]>{type,24,1,VARIABLE
immutable,24,1,VARIABLE
"dict,",24,1,VARIABLE
count,24,1,VARIABLE
"5,",24,1,VARIABLE
entries,24,1,VARIABLE
:,24,5,STATIC
connection,24,1,VARIABLE
<cfstring,24,2,VARIABLE
0x7fff7ab1aea0,24,1,VARIABLE
[0x7fff7abc1440]>{contents,24,2,VARIABLE
"""keep-alive""}",24,1,VARIABLE
3,24,1,VARIABLE
content-type,24,1,VARIABLE
text/html,24,1,VARIABLE
4,24,1,VARIABLE
content-length,24,1,VARIABLE
166,24,1,VARIABLE
5,24,1,VARIABLE
server,24,1,VARIABLE
nginx,24,1,VARIABLE
6,24,1,VARIABLE
date,24,1,VARIABLE
0x7fa11ac2ab80,24,1,VARIABLE
"""fri,",24,1,VARIABLE
07,24,1,VARIABLE
jul,24,1,VARIABLE
2017,24,1,VARIABLE
05:32:43,24,1,VARIABLE
"gmt""}",24,1,VARIABLE
}],24,1,VARIABLE
spotlightnethelp(352),4,1,VARIABLE
ipc-posix-shm-read-data,4,1,VARIABLE
cfpbs:186a7:,4,1,VARIABLE
2438,15,1,VARIABLE
fa||url||taskid[2019353724],24,1,VARIABLE
no,16,1,VARIABLE
application,16,1,VARIABLE
"provided,",16,1,VARIABLE
can't,16,1,VARIABLE
use,16,1,VARIABLE
provisioning,16,1,VARIABLE
profiles,16,1,VARIABLE
[pid,16,1,VARIABLE
37563],16,1,VARIABLE
tcp_connection_destination_handle_tls_close_notify,15,1,VARIABLE
111,15,1,VARIABLE
closing,15,1,VARIABLE
socket,15,1,VARIABLE
due,15,1,VARIABLE
tls,15,1,VARIABLE
close_notify,15,1,VARIABLE
alert,15,1,VARIABLE
cfnetwork,16,1,VARIABLE
sslhandshake,16,1,VARIABLE
(-9802),16,1,VARIABLE
unable,25,3,STATIC
simultaneously,25,3,STATIC
satisfy,25,3,STATIC
constraints:,25,3,STATIC
(,25,3,STATIC
"""<nslayoutconstraint:0x7f8efa7db140",25,1,VARIABLE
"h:[nsimageview:0x7f8efa7db900(38)]>"",",25,1,VARIABLE
"""<nslayoutconstraint:0x7f8efa7cbe00",25,1,VARIABLE
h:|-(14)-[nsimageview:0x7f8efa7db900],25,1,VARIABLE
(names:,25,11,STATIC
"pageitemcell:0x7f8efa7cb450,",25,2,VARIABLE
'|':pageitemcell:0x7f8efa7cb450,25,2,VARIABLE
")>"",",25,9,STATIC
"""<nslayoutconstraint:0x7f8f17556f20",25,1,VARIABLE
'nsview-encapsulated-layout-width',25,2,VARIABLE
h:[pageitemcell(73)],25,2,VARIABLE
pageitemcell:0x7f8efa7cb450,25,1,VARIABLE
"""<nslayoutconstraint:0x7f8efa7dc1c0",25,1,VARIABLE
"h:[nsimageview:0x7f8efa7db900]-(10)-[nstextfield:0x7f8efa7da9a0]>"",",25,1,VARIABLE
"""<nslayoutconstraint:0x7f8efa7cbf70",25,1,VARIABLE
h:[nstextfield:0x7f8f02f1da90]-(14)-|,25,1,VARIABLE
"""<nslayoutconstraint:0x7f8efa7dc350",25,1,VARIABLE
h:[nstextfield:0x7f8efa7da9a0]-(>,25,1,VARIABLE
"nsspace(8))-[nstextfield:0x7f8f02f1da90]>""",25,1,VARIABLE
),25,3,STATIC
attempt,25,3,STATIC
recover,25,3,STATIC
by,25,3,STATIC
breaking,25,3,STATIC
constraint,25,3,STATIC
<nslayoutconstraint:0x7f8efa7db140,25,1,VARIABLE
h:[nsimageview:0x7f8efa7db900(38)]>,25,1,VARIABLE
set,25,4,STATIC
nsuserdefault,25,3,STATIC
nsconstraintbasedlayoutvisualizemutuallyexclusiveconstraints,25,3,STATIC
yes,25,3,STATIC
have,25,3,STATIC
-[nswindow,25,3,STATIC
visualizeconstraints:],25,3,STATIC
automatically,25,3,STATIC
called,25,3,STATIC
when,25,3,STATIC
this,25,6,STATIC
happens.,25,3,STATIC
"and/or,",25,3,STATIC
break,25,3,STATIC
on,25,3,STATIC
objc_exception_throw,25,3,STATIC
catch,25,3,STATIC
debugger.,25,3,STATIC
"""<nslayoutconstraint:0x7f8efb89e920",25,1,VARIABLE
"h:[nsimageview:0x7f8efb89d5d0(38)]>"",",25,1,VARIABLE
"""<nslayoutconstraint:0x7f8efb89aac0",25,1,VARIABLE
h:|-(14)-[nsimageview:0x7f8efb89d5d0],25,1,VARIABLE
"pageitemcell:0x7f8efb898930,",25,2,VARIABLE
'|':pageitemcell:0x7f8efb898930,25,2,VARIABLE
"""<nslayoutconstraint:0x7f8f071a6c20",25,1,VARIABLE
pageitemcell:0x7f8efb898930,25,1,VARIABLE
"""<nslayoutconstraint:0x7f8efb89d8a0",25,1,VARIABLE
"h:[nsimageview:0x7f8efb89d5d0]-(10)-[nstextfield:0x7f8efb89d250]>"",",25,1,VARIABLE
"""<nslayoutconstraint:0x7f8efb8980e0",25,1,VARIABLE
h:[nstextfield:0x7f8efb89e7a0]-(14)-|,25,1,VARIABLE
"""<nslayoutconstraint:0x7f8efb89ba20",25,1,VARIABLE
h:[nstextfield:0x7f8efb89d250]-(>,25,1,VARIABLE
"nsspace(8))-[nstextfield:0x7f8efb89e7a0]>""",25,1,VARIABLE
<nslayoutconstraint:0x7f8efb89e920,25,1,VARIABLE
h:[nsimageview:0x7f8efb89d5d0(38)]>,25,1,VARIABLE
sharing,8,1,VARIABLE
output,8,2,VARIABLE
destination,8,1,VARIABLE
"""/var/log/accounts""",8,1,VARIABLE
"""<*>"".",8,2,VARIABLE
parameters,8,1,VARIABLE
from,8,1,VARIABLE
override,8,1,VARIABLE
specified,8,1,VARIABLE
"[2017-07-07_00,52,55.450817]-ccioreporter-001.xml,",23,1,VARIABLE
"path:/var/log/corecapture/<*>/onestats//[2017-07-07_00,52,55.450817]-ccioreporter-001.xml,",23,1,VARIABLE
"path:/library/logs/crashreporter/corecapture/<*>/[2017-07-07_00,52,54.449889]",23,1,VARIABLE
"authfail:sts:5_rsn:0/onestats//[2017-07-07_00,52,55.450817]-ccioreporter-001.xml",23,1,VARIABLE
43840,0,1,VARIABLE
(diskstore.normal:2382),1,1,VARIABLE
20cb04f,1,1,VARIABLE
1.000086,1,1,VARIABLE
<*>(37617),4,1,VARIABLE
5703,0,1,VARIABLE
761864.513194:,20,1,VARIABLE
2017-07-07,24,2,VARIABLE
01:47:40.090,24,1,VARIABLE
googlesoftwareupdateagent[37644/0x7000002a0000],24,1,VARIABLE
c30943ccd5e0a03e93b6be3e2b7e2127989f08f1bde99263ffee091de8b8bc39&cup2key,24,1,VARIABLE
"7:1039900771""",24,1,VARIABLE
38922,0,1,VARIABLE
893,0,1,VARIABLE
<*>(37682),4,1,VARIABLE
498005,0,1,VARIABLE
762302.122693:,5,1,VARIABLE
35733,0,1,VARIABLE
762363.637095:,20,1,VARIABLE
762366.143164:,20,1,VARIABLE
762484.281874:,20,1,VARIABLE
33204,0,1,VARIABLE
33282,0,1,VARIABLE
762543.171617:,20,1,VARIABLE
762603.017378:,12,1,VARIABLE
"62991,",12,1,VARIABLE
31570,0,1,VARIABLE
<*>(37725),4,1,VARIABLE
491488,0,1,VARIABLE
1002,0,2,VARIABLE
29108,0,1,VARIABLE
<*>(37745),4,1,VARIABLE
762900.518967:,12,1,VARIABLE
2607:f140:6000:8:3065:65eb:758e:972a,12,1,VARIABLE
1065,0,1,VARIABLE
762962.511796:,20,1,VARIABLE
26744,0,1,VARIABLE
26656,0,1,VARIABLE
488163,0,1,VARIABLE
763023.568413:,5,1,VARIABLE
25947,0,1,VARIABLE
25042,0,1,VARIABLE
25077,0,1,VARIABLE
21754,0,1,VARIABLE
"[2017-07-07_07,01,14.472939]-ccioreporter-002.xml,",23,1,VARIABLE
"[2017-07-07_07,01,14.472939]-ccioreporter-002.xml",23,1,VARIABLE
763490.115579:,12,1,VARIABLE
"ccdatatap::profileremoved,",8,2,VARIABLE
statesnapshots,8,1,VARIABLE
20786,0,1,VARIABLE
481541,0,1,VARIABLE
479780,0,1,VARIABLE
2017-07-07,17,1,VARIABLE
16:09:36,17,1,VARIABLE
14028,0,1,VARIABLE
474773,0,1,VARIABLE
473935,0,1,VARIABLE
11575,0,1,VARIABLE
764299.017125:,12,1,VARIABLE
2607:f140:6000:8:9cb8:f7f2:7c03:f956,12,2,VARIABLE
472301,0,1,VARIABLE
845,0,1,VARIABLE
764361.057441:,12,1,VARIABLE
9959,0,1,VARIABLE
10028,0,1,VARIABLE
764427.640542:,12,1,VARIABLE
"204730741,",12,1,VARIABLE
"2772623181,",12,1,VARIABLE
2017/7/7,20,2,VARIABLE
"17:31:21,",20,1,VARIABLE
17:18:49,20,1,VARIABLE
9219,0,1,VARIABLE
unrecognized,17,2,VARIABLE
xssimpletypedefinition:,17,2,VARIABLE
oneoff,17,2,VARIABLE
/users/xpc/library/containers/<*>/data/documents/contents/916639562/qq.db,14,1,VARIABLE
could,8,1,VARIABLE
get,8,1,VARIABLE
name,8,1,VARIABLE
stream/token:,8,1,VARIABLE
<*>/4505:,8,1,VARIABLE
132:,8,1,VARIABLE
request,8,1,VARIABLE
stale,8,1,VARIABLE
data,8,1,VARIABLE
2017-07-07,1,1,VARIABLE
10:54:41.296,1,1,VARIABLE
ksfetch[37925/0x7fff79824000],1,1,VARIABLE
10:54:41.875,24,1,VARIABLE
googlesoftwareupdateagent[37924/0x7000002a0000],24,1,VARIABLE
<ksticket:0x100365950,24,1,VARIABLE
<kspathexistencechecker:0x10036e950,24,1,VARIABLE
/applications/google,24,3,VARIABLE
chrome.app>,24,1,VARIABLE
servertype,24,1,VARIABLE
omaha,24,1,VARIABLE
15:41:18,24,1,VARIABLE
tagpath,24,1,VARIABLE
chrome.app/contents/info.plist,24,2,VARIABLE
tagkey,24,1,VARIABLE
kschannelid,24,1,VARIABLE
brandpath,24,1,VARIABLE
/users/xpc/library/google/google,24,1,VARIABLE
chrome,24,1,VARIABLE
brand.plist,24,1,VARIABLE
brandkey,24,1,VARIABLE
ksbrandid,24,1,VARIABLE
versionpath,24,1,VARIABLE
versionkey,24,1,VARIABLE
ksversion,24,1,VARIABLE
cohort,24,1,VARIABLE
1:1y5:,24,1,VARIABLE
cohortname,24,1,VARIABLE
stable,24,1,VARIABLE
<ksomahaserver:0x100243f20,24,1,VARIABLE
<ksupdateengine:0x1007161b0>,24,1,VARIABLE
"294,",14,1,VARIABLE
521144227.4,14,1,VARIABLE
coredragremovetrackinghandler:,25,1,VARIABLE
[11:48:06.869],25,1,VARIABLE
770226.223664:,20,1,VARIABLE
session,14,2,VARIABLE
101800,14,1,VARIABLE
destroyed,14,2,VARIABLE
0x7f995070be80>.,18,1,VARIABLE
0x7f995060a270>.,18,1,VARIABLE
-[soapparser:0x7f84bad89660,27,1,VARIABLE
0x77c911453a6dbcdb,5,1,VARIABLE
770518.944345:,1,1,VARIABLE
"[2017-07-07_12,24,25.108710]-io80211family-007.pcapng,",23,1,VARIABLE
"path:/var/log/corecapture/<*>/io80211awdlpeermanager//[2017-07-07_12,24,25.108710]-io80211family-007.pcapng,",23,1,VARIABLE
"path:/library/logs/crashreporter/corecapture/<*>/[2017-07-07_12,24,29.298901]",23,1,VARIABLE
"authfail:sts:5_rsn:0/io80211awdlpeermanager//[2017-07-07_12,24,25.108710]-io80211family-007.pcapng",23,1,VARIABLE
770597.394609:,1,1,VARIABLE
"[2017-07-07_12,24,31.376032]-airportbrcm4360_logs-011.txt,",23,1,VARIABLE
"[2017-07-07_12,24,31.376032]-airportbrcm4360_logs-011.txt",23,1,VARIABLE
770602.528852:,5,1,VARIABLE
770605.092581:,20,1,VARIABLE
"/library/logs/crashreporter/corecapture/ioreporters/[2017-07-07_13,38,22.072050]",8,1,VARIABLE
assocfail:sts:2_rsn:0.xml,8,1,VARIABLE
"[2017-07-07_13,38,23.338868]-airportbrcm4360_logs-013.txt,",23,1,VARIABLE
"[2017-07-07_13,38,23.338868]-airportbrcm4360_logs-013.txt",23,1,VARIABLE
"1499459904.126805,",8,1,VARIABLE
"[2017-07-07_13,38,24.371339]-ccioreporter-019.xml,",23,1,VARIABLE
"[2017-07-07_13,38,24.371339]-ccioreporter-019.xml",23,1,VARIABLE
tc12042,12,1,VARIABLE
<*>(38132),4,1,VARIABLE
"[2017-07-07_13,40,35.857095]-airportbrcm4360_logs-022.txt,",23,1,VARIABLE
"[2017-07-07_13,40,35.857095]-airportbrcm4360_logs-022.txt",23,1,VARIABLE
"[2017-07-07_13,40,35.961495]-io80211family-023.pcapng,",23,1,VARIABLE
"[2017-07-07_13,40,35.961495]-io80211family-023.pcapng",23,1,VARIABLE
770712.519828:,1,1,VARIABLE
"1499460036.519390,",8,1,VARIABLE
"[2017-07-07_13,40,37.052249]-io80211family-031.pcapng,",23,1,VARIABLE
"path:/var/log/corecapture/<*>/io80211awdlpeermanager//[2017-07-07_13,40,37.052249]-io80211family-031.pcapng,",23,1,VARIABLE
"path:/library/logs/crashreporter/corecapture/<*>/[2017-07-07_13,40,37.192896]",23,1,VARIABLE
"authfail:sts:5_rsn:0/io80211awdlpeermanager//[2017-07-07_13,40,37.052249]-io80211family-031.pcapng",23,1,VARIABLE
"/library/logs/crashreporter/corecapture/ioreporters/[2017-07-07_13,40,35.959475]",8,1,VARIABLE
770772.533370:,1,1,VARIABLE
770786.961436:,1,1,VARIABLE
"[2017-07-07_13,42,34.831310]-airportbrcm4360_logs-041.txt,",23,1,VARIABLE
"[2017-07-07_13,42,34.831310]-airportbrcm4360_logs-041.txt",23,1,VARIABLE
770798.478026:,1,1,VARIABLE
770802.879782:,12,1,VARIABLE
770812.035971:,20,1,VARIABLE
<*>(38179),4,1,VARIABLE
[14:07:21.190],25,1,VARIABLE
0x77c911454f15210b,5,1,VARIABLE
771388.849884:,12,1,VARIABLE
771393.363637:,20,1,VARIABLE
771456.438849:,5,1,VARIABLE
771516.615152:,5,1,VARIABLE
<*>(38210),4,2,VARIABLE
771631.938256:,20,1,VARIABLE
"9235,",20,1,VARIABLE
25340,15,1,VARIABLE
tc25354,12,1,VARIABLE
771663.085756:,5,1,VARIABLE
"00:a6:ca:db:93:cc,",5,1,VARIABLE
-60,5,1,VARIABLE
0c:68:03:d6:c5:1c,29,1,VARIABLE
0x7fb7f0035dc0,16,1,VARIABLE
"[2017-07-07_16,24,11.442212]-airportbrcm4360_logs-001.txt,",23,1,VARIABLE
"path:/var/log/corecapture/<*>/driverlogs//[2017-07-07_16,24,11.442212]-airportbrcm4360_logs-001.txt,",23,1,VARIABLE
"path:/library/logs/crashreporter/corecapture/<*>/[2017-07-07_16,24,11.124183]",23,1,VARIABLE
"assocfail:sts:2_rsn:0/driverlogs//[2017-07-07_16,24,11.442212]-airportbrcm4360_logs-001.txt",23,1,VARIABLE
"1499469856.145137,",8,1,VARIABLE
assocfail:sts:2_rsn:0,8,2,VARIABLE
[771797848593539]:,25,1,VARIABLE
102106,14,1,VARIABLE
[16:57:09.235],25,1,VARIABLE
sandbox:,1,1,VARIABLE
quicklooksatelli(38418),1,1,VARIABLE
deny(1),1,1,VARIABLE
nw_path_evaluator_start_helper_connection,15,2,VARIABLE
net_helper_path_evaluation_start,15,1,VARIABLE
dumping,15,1,VARIABLE
backtrace:,15,1,VARIABLE
[x86_64],15,1,VARIABLE
<*>,15,1,VARIABLE
0,15,1,VARIABLE
libsystem_network.dylib,15,2,VARIABLE
0x00007fff92fabde9,15,1,VARIABLE
__nw_create_backtrace_string,15,1,VARIABLE
+,15,10,STATIC
123,15,1,VARIABLE
1,15,1,VARIABLE
0x00007fff92fc289f,15,1,VARIABLE
196,15,1,VARIABLE
2,15,1,VARIABLE
libdispatch.dylib,15,6,STATIC
0x00007fff980fa93d,15,1,VARIABLE
_dispatch_call_block_and_release,15,1,VARIABLE
12,15,1,VARIABLE
0x00007fff980ef40b,15,1,VARIABLE
_dispatch_client_callout,15,1,VARIABLE
8,15,2,VARIABLE
4,15,1,VARIABLE
0x00007fff980f403b,15,1,VARIABLE
_dispatch_queue_drain,15,1,VARIABLE
754,15,1,VARIABLE
5,15,1,VARIABLE
0x00007fff980fa707,15,1,VARIABLE
_dispatch_queue_invoke,15,1,VARIABLE
549,15,1,VARIABLE
6,15,1,VARIABLE
0x00007fff980f2d53,15,1,VARIABLE
_dispatch_root_queue_drain,15,1,VARIABLE
538,15,1,VARIABLE
7,15,1,VARIABLE
0x00007fff980f2b00,15,1,VARIABLE
_dispatch_worker_thread3,15,1,VARIABLE
91,15,1,VARIABLE
libsystem_pthread.dylib,15,2,VARIABLE
0x00007fff8ebc44de,15,1,VARIABLE
_pthread_wqthread,15,1,VARIABLE
1129,15,1,VARIABLE
9,15,1,VARIABLE
0x00007fff8ebc2341,15,1,VARIABLE
start_wqthread,15,1,VARIABLE
13,15,1,VARIABLE
coreanimation:,25,2,VARIABLE
"warning,",25,1,VARIABLE
deleted,25,1,VARIABLE
thread,25,1,VARIABLE
with,25,1,VARIABLE
uncommitted,25,1,VARIABLE
catransaction;,25,1,VARIABLE
ca_debug_transactions,25,1,VARIABLE
1,25,2,VARIABLE
environment,25,1,VARIABLE
log,25,1,VARIABLE
backtraces.,25,1,VARIABLE
<*>(38449),4,1,VARIABLE
68031,0,1,VARIABLE
2889,0,1,VARIABLE
67203,0,1,VARIABLE
442301,0,1,VARIABLE
-[soapparser:0x7fca6040cb50,27,1,VARIABLE
441483,0,1,VARIABLE
775899.188954:,12,1,VARIABLE
"2863091569,",12,1,VARIABLE
"159598625,",12,1,VARIABLE
18:50:46.109,14,1,VARIABLE
4223,0,1,VARIABLE
65558,0,1,VARIABLE
2017-07-08,17,3,VARIABLE
02:21:28,17,1,VARIABLE
promotion,20,1,VARIABLE
1),20,1,VARIABLE
374,20,1,VARIABLE
0x7f9951217bb0>.,18,1,VARIABLE
0x7f9951214ca0>.,18,1,VARIABLE
"328,",14,1,VARIABLE
521177334.4,14,1,VARIABLE
nsurlsession/nsurlconnection,16,1,VARIABLE
http,16,1,VARIABLE
load,16,1,VARIABLE
"(kcfstreamerrordomainssl,",16,1,VARIABLE
-9806),16,1,VARIABLE
[ql],24,1,VARIABLE
sandbox,24,1,VARIABLE
token,24,1,VARIABLE
request,24,1,VARIABLE
<qlthumbnailrequest,24,1,VARIABLE
"vmware-usbarb-25037.log>,",24,1,VARIABLE
it,24,1,VARIABLE
will,24,1,VARIABLE
probably,24,1,VARIABLE
fail,24,1,VARIABLE
schedule,15,1,VARIABLE
invalidation,15,1,VARIABLE
<dytransport,15,1,VARIABLE
"0x7f89e8c00520,",15,1,VARIABLE
lost,15,1,VARIABLE
transport,15,1,VARIABLE
(31)>,15,1,VARIABLE
[21:22:43.147],25,1,VARIABLE
mv_lowlevelcheckifvideoplayableusingdecoder,25,1,VARIABLE
-12956,25,1,VARIABLE
(kfigmediavalidatorerror_videocodecnotsupported),25,1,VARIABLE
(video,25,1,VARIABLE
codec,25,4,STATIC
1),25,1,VARIABLE
1921,25,1,VARIABLE
mediavalidator,25,2,VARIABLE
mv_lookupcodecsupport:,25,1,VARIABLE
unrecognized,25,2,VARIABLE
mv_validaterfc4281codecid:,25,1,VARIABLE
1.(null).,25,1,VARIABLE
specific,25,1,VARIABLE
check.,25,1,VARIABLE
timed,25,1,VARIABLE
out,25,1,VARIABLE
fence,25,1,VARIABLE
5fe83,25,1,VARIABLE
2515,15,1,VARIABLE
(view),17,1,VARIABLE
(nsapplication),17,1,VARIABLE
(nscolorpickergridview):,17,1,VARIABLE
2017/07/07,1,1,VARIABLE
21:47:20.392,1,1,VARIABLE
515629905.,1,1,VARIABLE
783667.697957:,20,1,VARIABLE
21:58:33.765,14,1,VARIABLE
177:,14,1,VARIABLE
timed,14,1,VARIABLE
out,14,1,VARIABLE
after,14,1,VARIABLE
15.000s,14,1,VARIABLE
(0,14,1,VARIABLE
0);,14,1,VARIABLE
mmajorchangepending,14,1,VARIABLE
783790.553857:,12,1,VARIABLE
783795.288172:,20,1,VARIABLE
22:24:31.135,14,1,VARIABLE
05:32:31,17,1,VARIABLE
783991.995027:,12,1,VARIABLE
784053.579480:,12,1,VARIABLE
"59927,",12,1,VARIABLE
784055.560270:,20,1,VARIABLE
"5600,",20,1,VARIABLE
784117.089800:,20,1,VARIABLE
784117.625615:,5,1,VARIABLE
784178.158614:,5,1,VARIABLE
tc25805,12,1,VARIABLE
784287.966851:,5,1,VARIABLE
efi,14,2,VARIABLE
72,14,2,VARIABLE
784486.498066:,12,1,VARIABLE
0x3800,17,1,VARIABLE
"1499506366.010075,",8,1,VARIABLE
"[2017-07-08_02,32,46.787931]-airportbrcm4360_logs-004.txt,",23,1,VARIABLE
"[2017-07-08_02,32,46.787931]-airportbrcm4360_logs-004.txt",23,1,VARIABLE
"[2017-07-08_02,32,47.528554]-ccioreporter-003.xml,",23,1,VARIABLE
"path:/var/log/corecapture/<*>/onestats//[2017-07-08_02,32,47.528554]-ccioreporter-003.xml,",23,1,VARIABLE
"path:/library/logs/crashreporter/corecapture/<*>/[2017-07-08_02,32,46.517498]",23,1,VARIABLE
"assocfail:sts:2_rsn:0/onestats//[2017-07-08_02,32,47.528554]-ccioreporter-003.xml",23,1,VARIABLE
did,14,1,VARIABLE
12083,14,1,VARIABLE
17640,14,1,VARIABLE
20264,14,1,VARIABLE
28635,14,1,VARIABLE
25902,15,1,VARIABLE
associationeventhistory,8,1,VARIABLE
784632.788065:,5,1,VARIABLE
"5c:50:15:36:bc:03,",5,1,VARIABLE
-69,5,1,VARIABLE
"tb_c2cmsg_2909288299""",14,1,VARIABLE
0x8800,17,1,VARIABLE
host,14,1,VARIABLE
controller,14,1,VARIABLE
terminated,14,1,VARIABLE
appleactuatorhideventdriver::start,17,1,VARIABLE
8471,14,1,VARIABLE
0x77c911454f1528eb,5,1,VARIABLE
tc25995,12,1,VARIABLE
fa||url||taskid[2019353853],24,1,VARIABLE
[bluetoothhiddevicecontroller]error:,17,2,VARIABLE
find,17,2,VARIABLE
disconnected,17,2,VARIABLE
object,17,2,VARIABLE
0x2800,17,1,VARIABLE
26042,15,1,VARIABLE
785104.988856:,5,1,VARIABLE
315096,14,1,VARIABLE
12461,14,1,VARIABLE
"1499518522.558304,",8,1,VARIABLE
"[2017-07-08_05,55,23.694116]-io80211family-002.pcapng,",23,1,VARIABLE
"path:/var/log/corecapture/<*>/io80211awdlpeermanager//[2017-07-08_05,55,23.694116]-io80211family-002.pcapng,",23,1,VARIABLE
"path:/library/logs/crashreporter/corecapture/<*>/[2017-07-08_05,56,40.163377]",23,1,VARIABLE
"assocfail:sts:2_rsn:0/io80211awdlpeermanager//[2017-07-08_05,55,23.694116]-io80211family-002.pcapng",23,1,VARIABLE
0x7fda72614240>,16,1,VARIABLE
"30318,",16,1,VARIABLE
"""<nsautoresizingmasklayoutconstraint:0x7f9d574e5370",25,1,VARIABLE
h,25,6,STATIC
-&-,25,11,STATIC
v,25,6,STATIC
v:[nsscrollview:0x7f9d64abe480]-(11)-|,25,1,VARIABLE
'|':nsview:0x7f9d6a9cc340,25,3,STATIC
"""<nsautoresizingmasklayoutconstraint:0x7f9d7561a270",25,1,VARIABLE
v:|-(45)-[nsscrollview:0x7f9d64abe480],25,2,VARIABLE
"""<nsautoresizingmasklayoutconstraint:0x7f9d6aa2cf10",25,1,VARIABLE
--&,25,1,VARIABLE
"v:[nsview:0x7f9d53160e30(0)]>"",",25,1,VARIABLE
"""<nsautoresizingmasklayoutconstraint:0x7f9d75652870",25,1,VARIABLE
v:|-(0)-[nsview:0x7f9d6a9cc340],25,1,VARIABLE
'|':nsview:0x7f9d53160e30,25,2,VARIABLE
"""<nsautoresizingmasklayoutconstraint:0x7f9d77ef8f50",25,1,VARIABLE
v:[nsview:0x7f9d6a9cc340]-(0)-|,25,1,VARIABLE
")>""",25,1,VARIABLE
<nsautoresizingmasklayoutconstraint:0x7f9d7561a270,25,1,VARIABLE
)>,25,1,VARIABLE
2017-07-08,24,2,VARIABLE
06:26:32.364,24,1,VARIABLE
googlesoftwareupdateagent[39159/0x7000002a0000],24,2,VARIABLE
06:26:32.365,24,1,VARIABLE
about,24,1,VARIABLE
run,24,1,VARIABLE
checks,24,1,VARIABLE
any,24,1,VARIABLE
other,24,1,VARIABLE
apps.,24,1,VARIABLE
787923.793193:,5,1,VARIABLE
arranged,1,1,VARIABLE
view,1,1,VARIABLE
frame:,1,1,VARIABLE
"{260,",1,1,VARIABLE
877}},1,1,VARIABLE
ccprofilemonitor::setstreameventhandler,8,1,VARIABLE
telling,14,1,VARIABLE
csi,14,1,VARIABLE
go,14,1,VARIABLE
low,14,1,VARIABLE
power.,14,1,VARIABLE
790457.609414:,20,1,VARIABLE
14:29:50,17,1,VARIABLE
790564.863081:,12,1,VARIABLE
